site_ID,Shape_Area
456_295,16326889.590571973472834
272_230,16379992.640666425228119
136_567,16379990.742874342948198
269_602,16379983.940383188426495
269_427,16379984.223839204758406
317_241,16379992.382739320397377
633_705,16379992.141793485730886
465_500,16370090.806300245225430
458_298,16379991.858107225969434
603_695,16322911.079062080010772
515_316,16379988.695358976721764
310_443,16379991.106373501941562
170_175,16379990.805015068501234
362_460,16379993.350552979856730
554_110,15033862.075776092708111
512_311,16379989.376630421727896
609_112,11619067.951101427897811
357_74,16379990.533774256706238
242_595,14800962.961313592270017
412_635,16379991.246925735846162
238_55,16379991.332116624340415
505_317,16379989.318311912938952
645_710,16379989.744759481400251
747_21,16351188.546299541369081
505_307,16379990.889159761369228
39_380,16379989.263999778777361
553_518,16363788.453800674527884
606_363,13484768.245365399867296
235_415,16379988.511742476373911
65_142,16375495.022907190024853
141_122,16379992.583907373249531
646_539,16379988.511922696605325
607_698,16379012.598182601854205
556_521,16379989.302371770143509
414_88,16003352.945315528661013
362_456,16379987.325279982760549
355_469,16379992.129174249246716
270_7,16379991.023700255900621
511_512,16379991.327969683334231
413_269,16379991.825563348829746
353_266,16379990.457516578957438
458_97,16379991.064752999693155
353_260,16379989.865774203091860
456_290,16326888.624102683737874
404_623,16379990.474139846861362
316_244,16364689.811406847089529
363_466,16379993.219550289213657
656_713,14320158.792216230183840
364_470,16379992.566097803413868
458_294,16379988.673096675425768
451_296,16379990.746471451595426
106_40,16379990.795011308044195
320_455,16379990.485259694978595
85_31,16379990.445796007290483
505_101,16379988.762681568041444
278_226,16379994.291695542633533
279_600,16379990.963135331869125
553_687,16364041.980723908171058
461_651,16379991.565217010676861
138_566,16379991.575434241443872
605_554,16379996.115913771092892
237_206,16379990.187110068276525
168_174,16379989.911031680181623
400_637,16379989.298542238771915
608_114,15430116.205271730199456
734_137,16353893.858922163024545
318_238,16379989.635209750384092
455_508,16379987.627607801929116
408_87,16379989.542163653299212
455_655,16379988.894918767735362
645_562,16379990.054505687206984
321_240,16379990.843465590849519
554_348,14685708.407675834372640
352_264,15387681.850383240729570
171_582,16379989.515920376405120
275_5,16379988.654558287933469
241_210,16370991.430913077667356
560_689,16379990.701720399782062
362_467,16379994.552797714248300
563_516,16379992.363321933895350
21_18,16379989.799075312912464
451_94,16379990.746643634513021
608_364,11094776.145498570054770
412_482,16379990.320307612419128
272_229,16379991.524264393374324
365_129,16353889.091345310211182
204_198,16379991.280980119481683
510_313,16379991.071763014420867
459_493,16379984.720138352364302
317_243,16379989.761860307306051
234_596,16379989.607082977890968
82_33,16379995.459468213841319
275_58,16379981.969561854377389
631_537,16379992.777200551703572
605_693,16379990.308492958545685
205_50,16015083.769652659073472
561_107,16379983.835438199341297
85_35,16379991.292550830170512
400_638,16379991.894886951893568
275_59,16379985.039890173822641
460_653,16379989.511578427627683
199_199,16379992.111750330775976
355_458,16379990.727507814764977
561_337,16379986.409299513325095
512_314,16379992.954677397385240
408_275,16379989.304318869486451
459_548,16379986.675540160387754
107_401,16379988.352798940613866
112_157,16379992.110838185995817
403_272,16379989.384680040180683
563_677,16379991.776796540245414
321_237,16367651.790549205616117
403_270,16379987.657131077721715
765_148,16379990.222682612016797
756_389,16237321.030627170577645
633_706,16379989.353022348135710
646_538,16379990.872727816924453
607_700,13446449.853616151958704
509_664,16379989.687451947480440
352_257,14382400.458408903330564
775_160,16363788.513066276907921
233_416,16379989.533964928239584
414_93,16379992.654041636735201
235_421,16379992.761371077969670
203_191,16366492.229102713987231
140_166,16379990.719415660947561
356_472,16379991.614738877862692
555_353,16379989.080346750095487
233_424,16379989.438488835468888
316_9,16364691.341351186856627
756_387,16379988.731085099279881
317_246,16379988.641885664314032
458_292,16379981.729902276769280
512_12,16379991.548792354762554
402_281,16379988.488127529621124
746_382,16379990.979111032560468
553_684,16363793.338377559557557
460_495,16379995.950064549222589
506_510,16379993.879789989441633
452_652,16379990.488494813442230
269_437,16379992.326407445594668
316_250,16379992.193508539348841
318_239,16379991.521802259609103
136_569,16379993.210777757689357
402_267,16379978.101507605984807
602_532,16379993.481118943542242
401_545,16379990.712003448978066
504_103,16379986.561330862343311
458_98,16379988.764729084447026
239_590,16379991.641355708241463
270_217,16379990.775909161195159
270_232,16379991.873348103836179
64_388,16379989.103366693481803
321_8,15908577.442829674109817
406_546,16379986.446505185216665
409_478,16379988.966947169974446
605_697,16379989.831555211916566
202_185,16379992.732947416603565
452_654,16379992.271556502208114
656_563,16379989.940145645290613
602_526,16379990.802002890035510
410_636,16379867.477217273786664
273_425,16379989.834500288590789
458_99,16379991.112810438498855
200_196,16379989.984265573322773
169_578,16379990.975916709750891
560_678,16379991.018099864944816
511_661,16373005.696776945143938
601_113,15833445.599109821021557
506_560,16379990.113847721368074
450_502,16368877.020746096968651
168_180,16379992.343280812725425
141_164,16273312.017049849033356
608_115,12541810.949174724519253
360_255,16379991.801262028515339
312_441,16379990.074090747162700
172_580,16379994.020740615203977
565_690,11833090.488025648519397
279_605,16379991.924105094745755
356_617,16379988.877212958410382
462_301,16379990.228863073512912
406_639,16379993.319361614063382
167_181,14439123.666611799970269
606_111,16379989.478607900440693
311_440,16379991.565834142267704
138_564,16379988.600936660543084
363_464,16346689.756919590756297
407_479,16379990.699269076809287
135_169,16379989.681321812793612
505_333,16379992.930117432028055
314_65,16379991.645800147205591
170_182,16355691.657030373811722
561_336,16379991.126188727095723
465_496,16370089.491955917328596
107_404,16379993.933146262541413
552_350,16377950.334295803681016
405_278,16379990.243330989032984
109_1,16379988.501823168247938
408_91,16379989.411571135744452
316_70,16364691.728215215727687
313_608,16379990.006242463365197
141_172,16379990.791245177388191
406_634,16379983.412692982703447
453_505,16379987.394702585414052
559_352,11562866.006342165172100
87_394,16379990.347947707399726
450_647,16379990.685530288144946
360_78,16379989.453349927440286
606_355,16379991.521309712901711
352_262,15903400.281959390267730
461_643,16379988.377383509650826
39_383,16379990.887170275673270
277_438,16379994.803362790495157
364_616,16379991.938107034191489
365_127,16351187.340385729447007
510_320,16379993.854566190391779
309_607,9396934.122337806969881
564_675,16375488.264147961512208
631_535,16379991.184033663943410
135_165,16379991.999080991372466
406_489,16379984.326384373009205
414_131,15992315.494974598288536
366_81,13193842.525343777611852
140_163,16329587.423734007403255
268_233,16379994.274301555007696
460_659,16379991.906248357146978
135_48,16379993.616001794114709
41_541,16379986.963092863559723
603_530,16379992.007054360583425
508_102,16379989.920217324048281
272_231,16379990.104486107826233
559_346,15030892.826826322823763
312_614,16379992.395303530618548
318_67,16379989.106305662542582
454_302,16379990.070490254089236
630_119,16379991.579731909558177
562_692,15593542.587393799796700
405_89,16379992.179703308269382
745_23,16316089.851326545700431
203_2,16366490.873017761856318
562_682,16364682.528614038601518
137_162,16379987.460999725386500
274_435,16379992.119978580623865
319_245,16370162.913101671263576
271_220,16379989.970775300636888
173_583,15869846.247059287503362
765_147,16368133.974799072369933
111_41,16379993.352841064333916
135_171,16379988.635418653488159
84_154,16379992.112603375688195
140_170,16379990.494274597615004
463_285,16379988.914288662374020
647_374,14752621.823950197547674
407_629,16379992.419066388159990
557_517,16379991.231176411733031
633_707,16379987.917532194405794
268_228,16379991.256970047950745
452_646,16379988.123916849493980
513_325,16379993.419881843030453
411_481,16379995.805446805432439
171_408,16379989.968330744653940
402_84,16379989.072842953726649
311_454,16379993.699685903266072
173_584,16168489.221902843564749
275_219,16379990.932246336713433
201_410,16343087.632864702492952
366_10,13495967.286020617932081
507_318,16379991.723840294405818
632_118,16379991.321648845449090
400_480,15834607.871849955990911
405_279,16379990.719935189932585
199_197,16379993.124946521595120
404_484,16379989.331240158528090
140_121,16379991.258173199370503
407_486,16379989.954003427177668
365_263,16351189.487292159348726
411_487,16379989.989212231710553
506_671,16379990.890039378777146
562_686,16364688.523767739534378
313_609,16379988.551408804953098
109_42,16379988.634769614785910
319_249,16379990.313475798815489
314_64,16379988.319011617451906
82_32,16379989.978797450661659
734_135,16379987.963680930435658
232_212,16379989.179861120879650
238_124,16379990.283937131986022
356_620,16379989.088383160531521
88_29,16350670.245805356651545
354_473,16379991.697817252948880
735_16,16379990.354994971305132
757_28,16379989.162655901163816
278_225,16379991.725073389708996
410_475,16318013.184487951919436
361_474,16374593.735125526785851
504_330,16379981.925685185939074
557_519,16379990.387824259698391
314_235,16379991.892886510118842
169_574,16379992.247520156204700
406_631,16379988.618568647652864
238_3,16379989.308192420750856
451_287,16379990.445924531668425
84_153,16379990.841555066406727
240_589,16158481.994511328637600
645_709,15283358.620513938367367
405_277,16379991.926002120599151
508_326,16379989.826865689828992
107_399,16379991.052450234070420
504_328,16379986.277153255417943
514_312,16379993.879061194136739
139_572,16379989.834263671189547
270_227,16379989.057887881994247
501_104,16379993.128427648916841
65_141,16364993.186262516304851
507_334,16379989.828365219756961
365_128,16351192.011511344462633
271_223,16379991.630136556923389
235_417,16379991.691628444939852
408_284,16379991.122972400858998
318_242,16379990.553720759227872
400_491,16379988.948462512344122
232_56,16379994.400680735707283
41_384,16379991.085699005052447
563_683,16379991.941090209409595
274_439,16379990.734679406508803
553_552,16363789.299285557121038
88_37,16373557.273677002638578
65_145,16379990.957935590296984
169_573,16379989.577865293249488
275_60,16379989.808481741696596
609_357,11300749.123354338109493
83_395,16348228.078786574304104
310_453,16379990.593981241807342
501_13,16379990.510067777708173
453_549,16379991.911025598645210
453_498,16379989.408924199640751
460_656,16379991.810677677392960
232_54,16379988.201583269983530
656_712,16010361.423547731712461
409_483,16379986.618366090580821
607_696,16379991.431522751227021
409_476,16379989.045481102541089
453_507,16379991.215546185150743
312_451,16379991.405579198151827
271_221,16379989.886247523128986
454_297,16379991.203867379575968
356_618,16379989.162378674373031
141_167,16270191.708471842110157
233_419,16379988.614750895649195
63_146,16379989.819547072052956
745_22,16322235.760004576295614
745_25,16379988.114990664646029
404_621,16379992.337341047823429
316_126,16374734.619896696880460
137_47,16379991.910356959328055
84_151,16379990.176356669515371
603_699,16379991.566188350319862
87_398,16379992.489517878741026
242_599,16370984.458162358030677
605_522,16379991.746768677607179
236_205,16379992.562396876513958
647_373,16379994.457075215876102
41_385,16379990.612216159701347
309_606,8953925.967761071398854
269_558,16379989.860701231285930
232_201,16379988.263002498075366
461_645,16379995.211259853094816
554_351,15100488.628242796286941
205_186,14290062.494322199374437
272_63,16379990.678961535915732
201_412,16379986.472130853682756
201_413,16379991.948457336053252
513_304,16379989.807960364967585
112_156,16348488.887264685705304
277_436,16379989.484279092401266
236_203,16379982.796936431899667
403_130,16379994.690592609345913
242_420,16379987.768727997317910
633_536,16379991.898024966940284
167_179,16379991.299489093944430
319_251,16379991.132342649623752
205_200,16357489.748991616070271
401_632,16379988.867714343592525
316_68,16364690.591595327481627
506_668,16379990.733398228883743
109_44,16379986.477746577933431
506_660,16379977.548104386776686
202_187,16379987.705339895561337
508_321,16379990.794263206422329
605_694,16379980.902412666007876
605_524,16379985.985001638531685
410_641,16374758.175455283373594
109_38,16379979.947835452854633
402_92,16379991.423742871731520
604_528,16379989.447185197845101
414_90,16373549.509837592020631
552_338,16379988.455489566549659
361_471,16374594.568150352686644
455_657,16379992.620211061090231
514_305,16379990.640361912548542
238_204,16379989.551461452618241
238_4,16379990.668058255687356
357_256,16379986.645865429192781
400_640,16379990.533279512077570
555_347,16379986.389516308903694
279_559,16379989.662671044468880
315_449,16379989.481277950108051
270_6,16379992.280813181772828
501_309,14078991.682871894910932
41_386,16379991.927610531449318
604_527,16379989.677754933014512
314_236,16379992.571341294795275
734_136,16379987.292701503261924
112_159,16379990.702455935999751
357_72,16379987.135818576440215
406_488,16379992.190173009410501
106_39,16379987.235691273584962
456_96,16326891.479639763012528
366_76,12286034.702062238007784
602_525,16379990.812019124627113
459_547,16379991.537957480177283
555_109,16379988.658921662718058
408_11,16379991.362950222566724
312_610,16379987.986938666552305
275_216,16379989.346803873777390
603_701,16379992.235373418778181
402_273,16379986.447886766865849
360_73,16379990.384677901864052
86_155,16379991.545262033119798
410_628,16379989.560853376984596
451_95,16379991.750048108398914
205_123,16379988.185774594545364
313_442,16379988.559135600924492
173_579,16379989.213226011022925
39_381,16379993.548210604116321
240_588,16132487.230484755709767
457_650,16143293.882459789514542
465_509,16379993.328768225386739
402_83,16379980.964958265423775
40_139,16379989.772901125252247
412_477,16379995.453192483633757
82_30,16379987.880389215424657
40_140,16379988.516389165073633
560_691,16379991.701352622359991
608_360,13370872.296355839818716
605_523,16379984.551127312704921
354_468,16379992.147620318457484
632_368,16376387.587367299944162
315_446,16379995.097259875386953
556_514,16379986.956557361409068
360_80,16379993.224998885765672
401_627,16379991.415503501892090
199_183,16379985.577716760337353
514_308,16379994.790236454457045
451_286,16379987.625188846141100
605_556,16379984.548375902697444
509_662,16379990.252806367352605
171_581,16379992.109827918931842
279_426,16379990.651978030800819
556_520,16379988.817033059895039
108_402,16379992.468510547652841
278_224,16379990.076292125508189
352_79,9044609.105414774268866
736_377,16379992.804592017084360
242_423,16379990.719658348709345
237_202,16331393.715522285550833
204_51,16379990.588926088064909
601_365,16379992.546527467668056
363_463,16379989.577021587640047
240_418,16379989.978662520647049
319_69,16379993.323005050420761
239_592,16379989.140128772705793
136_568,16379989.798169299960136
736_375,16379990.794504562392831
320_448,16379991.077733693644404
268_62,14430481.221901927143335
414_283,16379991.669803893193603
404_625,16379992.127077022567391
361_462,16379985.953652130439878
278_125,16379995.049921261146665
237_214,16379990.578874144703150
604_555,16379990.027277637273073
357_254,16379992.249908108264208
111_43,16379993.205670278519392
463_288,16379990.539952429011464
139_407,16379987.733963849022985
647_372,16379989.184804031625390
556_553,16379992.167091848328710
411_485,16379989.397687811404467
86_149,16379991.583717329427600
554_345,16359097.000617600977421
316_247,16364692.087009618058801
510_315,16379989.029518133029342
450_649,16379992.330690870061517
269_542,16379984.801203763112426
83_397,16338592.260675268247724
407_633,16379990.621702319011092
564_680,16379992.280566621571779
508_324,16379994.085931424051523
234_422,16379991.478894311934710
86_150,16379990.313921667635441
503_669,16379989.289301356300712
460_506,16379991.166776042431593
365_258,15907533.625635679811239
270_61,16379990.643308941274881
515_323,16379991.518187453970313
462_289,16379991.779993688687682
269_604,16379981.979305181652308
240_414,16141490.406952418386936
312_613,16379989.900330025702715
355_457,16379987.933261923491955
509_511,16379990.952147323638201
456_300,16361092.454566881060600
450_642,15830862.270506538450718
366_77,12717564.682668270543218
279_603,16379988.379077924415469
277_434,16379993.479850452393293
241_207,16379991.560221528634429
139_406,16379990.447829630225897
309_611,16378489.274902204051614
273_432,16379988.246317774057388
63_144,16379989.990884983912110
604_533,16379991.713058635592461
206_411,16379990.685318013653159
21_15,16379994.189563350751996
405_86,16379990.022539393976331
632_371,16379992.131861502304673
204_195,16379990.696523414924741
408_282,16379992.465401286259294
554_106,16269866.795324346050620
64_391,16379991.093470599502325
273_429,16379988.502273974940181
364_615,16379993.983085967600346
88_34,16379991.362686470150948
509_667,16379990.477965869009495
137_173,16379993.113008389249444
352_75,8565919.342714874073863
203_189,16366492.171030925586820
609_354,15925098.605117976665497
64_392,16379992.042064113542438
512_310,16379989.144202141091228
274_433,16379990.706403896212578
205_192,15573273.137010050937533
87_393,16379990.239308252930641
408_85,16379989.172073649242520
360_252,16379984.574625672772527
310_452,16379989.584794450551271
357_259,16379994.535761632025242
515_306,16379992.761647026985884
360_261,16379987.812792157754302
167_177,16379991.829327605664730
606_362,14222865.049765078350902
451_132,16379990.832603983581066
320_450,16379993.780569963157177
502_663,16379989.312238145619631
503_670,16379989.789646439254284
241_215,16379989.232909826561809
139_570,16379994.947654575109482
321_248,16379992.822429073974490
645_708,16379989.603212682530284
765_152,16364691.356850663200021
268_222,16379989.712336627766490
269_601,16379989.786418396979570
457_497,16197317.287244822829962
364_619,16379989.076539399102330
736_376,16379993.117931455373764
510_133,16379989.368824694305658
605_557,15835579.578751236200333
656_711,16379989.975679311901331
168_176,16379991.416936941444874
631_534,16379988.319243168458343
561_343,16379991.508501794189215
565_688,11480041.537538740783930
459_501,16379989.156606685370207
232_209,16379992.475470593199134
239_591,16379991.854682693257928
234_594,16379992.342654755339026
275_218,16379989.899011783301830
600_703,14912243.270513955503702
555_339,16379988.962657662108541
504_134,16379984.363998368382454
504_332,16379984.696859160438180
600_702,15016204.861648961901665
240_593,16141493.580283407121897
747_24,15602446.252105636522174
85_36,16379991.688447549939156
401_622,16379994.965722430497408
364_459,16379990.061159046366811
757_27,16379992.159741276875138
407_624,16379993.798238459974527
206_586,16310776.334678487852216
354_461,16379988.272198699414730
507_322,16379989.389913743361831
172_576,16379992.772820550948381
511_550,16349692.277970504015684
241_52,16315188.768308714032173
559_349,13717504.620480602607131
501_331,16379991.455237809568644
735_19,16379991.097340019419789
403_271,16379989.466019671410322
315_444,16379991.330932559445500
503_666,16379995.183305388316512
171_575,16331390.797979617491364
407_490,16379990.432640129700303
172_577,16379988.356791116297245
137_168,16379989.875920705497265
553_676,16363791.195412507280707
238_213,16379991.637735152617097
412_544,16379986.056461894884706
352_71,8550300.410704495385289
601_116,16379992.629041410982609
353_265,16379991.412813922390342
557_513,16379989.092959908768535
412_630,16379986.888233646750450
632_367,16379987.994845082983375
607_561,13346965.376898523420095
412_626,16379984.665207579731941
454_299,16379989.661609912291169
21_14,16379991.213962165638804
365_253,16346845.891512984409928
314_234,16379988.128359999507666
501_319,16379988.675445483997464
356_465,16379988.007688799872994
513_303,16379992.223933026194572
462_291,16379986.892120167613029
242_597,16379987.884301826357841
746_379,16379986.539210025221109
40_138,16379989.412233548238873
313_612,16379986.179909765720367
454_100,16379989.040630958974361
746_378,16379993.144557969644666
455_658,16379993.289204671978951
608_356,16379990.671385556459427
600_704,15583829.277461076155305
137_49,16379991.602697553113103
562_515,16379987.078486863523722
646_540,16379993.011912511661649
311_447,16379989.862835006788373
757_26,16379993.025257833302021
313_445,16379985.386446429416537
202_190,16379991.278479781001806
461_492,16379987.499510943889618
555_105,16379986.833361530676484
607_531,10854265.296723376959562
203_184,16379989.171214189380407
238_57,16369191.874000027775764
463_293,16379992.696006095036864
236_211,16379983.424178648740053
108_400,16379986.735617760568857
234_598,16379988.841608766466379
206_585,16228788.180237155407667
139_565,16379986.414856174960732
563_679,16379988.049045579507947
276_431,16379992.668884653598070
459_504,16379989.667685445398092
238_208,16379990.801530467346311
236_53,16379988.044069217517972
108_403,16379986.136705666780472
309_543,16282690.184619333595037
601_361,16379991.777255633845925
735_17,16379993.482037505134940
63_143,16379993.029015956446528
630_369,16231488.702303525060415
630_120,16244575.608079848811030
630_366,16258395.920381536707282
630_370,16304281.547831753268838
630_117,16231492.829402411356568
600_529,10114810.567254928871989
601_359,16009174.229542555287480
552_340,13799118.305984206497669
502_674,16232393.951962517574430
502_551,16232393.485897459089756
502_665,16232388.092566147446632
558_341,9241462.838528241962194
558_108,12520632.431440861895680
558_344,9674852.485627101734281
558_342,9017412.341818926855922
609_358,8033227.002099292352796
511_673,16311412.962750773876905
511_672,16289754.874019525945187
457_648,16153835.947502104565501
457_644,16312055.470689153298736
565_681,12007346.477046964690089
516_329,16176587.831244273111224
516_327,15440368.213916366919875
516_335,16176592.685695778578520
464_499,16115390.538433799520135
464_503,16115392.164436543360353
464_494,16037089.776562713086605
414_268,13178910.404874237254262
414_274,15592301.260121144354343
413_280,16195492.103529505431652
413_276,16195490.614564474672079
365_82,14969447.517350459471345
318_66,16181988.194101437926292
276_430,16253089.659899564459920
276_428,16253089.200355606153607
200_193,13697029.405602917075157
200_188,10695859.359814742580056
170_178,15231363.512350469827652
206_409,15952029.172414263710380
206_587,16290305.854982880875468
138_405,15798994.076719000935555
138_571,15648601.532303938642144
775_161,16362764.627719147130847
775_158,16351084.784520803019404
111_46,16345788.896317478269339
106_45,16360189.065505621954799
83_396,16315022.238184651359916
756_390,15916495.713536076247692
747_20,15369073.405530244112015
204_194,15176108.179050469771028
