site_ID,COUNT,AREA,MEAN
456_295,17312.000000000000000,15580799.999999988824129,1157.783139772643153
272_230,18144.000000000000000,16329599.999999986961484,682.864821137153399
136_567,17609.000000000000000,15848099.999999988824129,1178.289635251805748
269_602,17144.000000000000000,15429599.999999988824129,1091.384217401558772
269_427,15179.000000000000000,13661099.999999988824129,1163.402376756594549
317_241,16714.000000000000000,15042599.999999988824129,1181.886640272313343
633_705,16407.000000000000000,14766299.999999988824129,1328.074146283543541
465_500,14727.000000000000000,13254299.999999990686774,1014.336759156832500
458_298,17712.000000000000000,15940799.999999988824129,1270.502317816260984
603_695,17715.000000000000000,15943499.999999988824129,1069.509909913796491
515_316,16675.000000000000000,15007499.999999988824129,1281.641078030015933
310_443,17747.000000000000000,15972299.999999988824129,1283.581741484331587
170_175,16126.000000000000000,14513399.999999988824129,1220.019163116333175
362_460,16066.000000000000000,14459399.999999988824129,1153.431587914460351
554_110,14237.000000000000000,12813299.999999990686774,1311.636691219982822
512_311,17222.000000000000000,15499799.999999988824129,1358.783561673760687
609_112,9284.000000000000000,8355599.999999993480742,689.714308397259174
357_74,17424.000000000000000,15681599.999999988824129,768.645718091119306
242_595,13935.000000000000000,12541499.999999990686774,1006.434217270002932
412_635,17355.000000000000000,15619499.999999988824129,1587.512485715380990
238_55,17563.000000000000000,15806699.999999988824129,801.307857772982402
505_317,16903.000000000000000,15212699.999999988824129,1471.432068817150366
645_710,16568.000000000000000,14911199.999999988824129,1655.566558475487909
747_21,14215.000000000000000,12793499.999999990686774,969.077059188342560
505_307,17659.000000000000000,15893099.999999988824129,1698.086526410278566
39_380,9693.000000000000000,8723699.999999992549419,1894.650181552198092
553_518,17203.000000000000000,15482699.999999988824129,1239.360504524698172
606_363,13210.000000000000000,11888999.999999990686774,734.648726208763833
235_415,17983.000000000000000,16184699.999999986961484,1145.535357695204084
65_142,14340.000000000000000,12905999.999999990686774,908.326826599422247
141_122,14977.000000000000000,13479299.999999990686774,952.378812035103124
646_539,16711.000000000000000,15039899.999999988824129,1645.201986322340645
607_698,16370.000000000000000,14732999.999999988824129,807.222257877226411
556_521,17748.000000000000000,15973199.999999988824129,1711.519087049696282
414_88,15530.000000000000000,13976999.999999988824129,1026.180019847823587
362_456,16986.000000000000000,15287399.999999988824129,1092.735973185230478
355_469,16302.000000000000000,14671799.999999988824129,1456.806248632679171
270_7,17956.000000000000000,16160399.999999986961484,1322.450214439523961
511_512,17813.000000000000000,16031699.999999986961484,1387.249881082867660
413_269,17054.000000000000000,15348599.999999988824129,1323.888888881928779
353_266,16022.000000000000000,14419799.999999988824129,1329.826532502701639
458_97,17290.000000000000000,15560999.999999988824129,1403.842031902712279
353_260,17618.000000000000000,15856199.999999988824129,1487.118318150894993
456_290,17496.000000000000000,15746399.999999988824129,1173.317434497547310
404_623,18099.000000000000000,16289099.999999986961484,1050.340305607637220
316_244,16404.000000000000000,14763599.999999988824129,1339.980610054720046
363_466,15038.000000000000000,13534199.999999988824129,1466.556203240201285
656_713,13166.000000000000000,11849399.999999990686774,1681.904642268807038
364_470,17580.000000000000000,15821999.999999988824129,1773.550353374849010
458_294,17504.000000000000000,15753599.999999988824129,1351.597634190833105
451_296,13408.000000000000000,12067199.999999990686774,1560.013213913312029
106_40,14520.000000000000000,13067999.999999990686774,1949.525757551057268
320_455,17180.000000000000000,15461999.999999988824129,1194.398301981881559
85_31,17103.000000000000000,15392699.999999988824129,1447.563827666317138
505_101,17441.000000000000000,15696899.999999988824129,1607.166407705273741
278_226,15734.000000000000000,14160599.999999988824129,1477.858915400503065
279_600,16875.000000000000000,15187499.999999988824129,1200.075091403535907
553_687,17348.000000000000000,15613199.999999988824129,1316.161785043932696
461_651,16561.000000000000000,14904899.999999988824129,1519.284659658924966
138_566,17256.000000000000000,15530399.999999988824129,1130.873425362114176
605_554,17993.000000000000000,16193699.999999986961484,1385.016860497187508
237_206,16948.000000000000000,15253199.999999988824129,917.109405233973007
168_174,17789.000000000000000,16010099.999999986961484,1098.857990243660879
400_637,16705.000000000000000,15034499.999999988824129,1488.155971439182849
608_114,15008.000000000000000,13507199.999999990686774,716.936266580878851
734_137,14781.000000000000000,13302899.999999990686774,916.517073770454886
318_238,13313.000000000000000,11981699.999999990686774,1226.178041915303993
455_508,17601.000000000000000,15840899.999999988824129,1240.365586630142843
408_87,15849.000000000000000,14264099.999999988824129,1442.540603456694953
455_655,17559.000000000000000,15803099.999999988824129,1190.499875206240631
645_562,16560.000000000000000,14903999.999999988824129,1635.377486672151008
321_240,17144.000000000000000,15429599.999999988824129,1241.560604528905969
554_348,14602.000000000000000,13141799.999999990686774,1266.011194132207947
352_264,16386.000000000000000,14747399.999999988824129,1203.953976404764944
171_582,16436.000000000000000,14792399.999999988824129,1152.605436260552551
275_5,16326.000000000000000,14693399.999999988824129,924.218563551355828
241_210,16237.000000000000000,14613299.999999988824129,1097.161228501094911
560_689,16145.000000000000000,14530499.999999988824129,928.583720344551921
362_467,13633.000000000000000,12269699.999999990686774,1201.840012573789181
563_516,12544.000000000000000,11289599.999999990686774,993.625127053991832
21_18,13604.000000000000000,12243599.999999990686774,1087.419860714779816
451_94,17522.000000000000000,15769799.999999988824129,1312.593193332868623
608_364,10728.000000000000000,9655199.999999992549419,752.784445862908797
412_482,15198.000000000000000,13678199.999999988824129,1646.233642834145030
272_229,18140.000000000000000,16325999.999999986961484,720.875037483290271
365_129,17304.000000000000000,15573599.999999988824129,993.528851278501179
204_198,16110.000000000000000,14498999.999999988824129,1321.728754577068230
510_313,17186.000000000000000,15467399.999999988824129,1494.475554789541320
459_493,17657.000000000000000,15891299.999999988824129,1358.689669176171037
317_243,16733.000000000000000,15059699.999999988824129,1102.298662720381799
234_596,17515.000000000000000,15763499.999999988824129,1327.946864707831992
82_33,16505.000000000000000,14854499.999999988824129,2337.342956479635177
275_58,16695.000000000000000,15025499.999999988824129,900.336307662045670
631_537,17941.000000000000000,16146899.999999986961484,1374.369625869971060
605_693,18001.000000000000000,16200899.999999986961484,1414.176395909387338
205_50,14049.000000000000000,12644099.999999990686774,1289.381925938180075
561_107,16687.000000000000000,15018299.999999988824129,1113.718519146692188
85_35,15737.000000000000000,14163299.999999988824129,1369.530652540403480
400_638,16491.000000000000000,14841899.999999988824129,1564.885532126317685
275_59,15394.000000000000000,13854599.999999988824129,966.121546447564015
460_653,17022.000000000000000,15319799.999999988824129,1567.568889884599230
199_199,17564.000000000000000,15807599.999999988824129,1801.569584453165362
355_458,17535.000000000000000,15781499.999999988824129,1338.169546380435122
561_337,16120.000000000000000,14507999.999999988824129,1088.986316857916336
512_314,17644.000000000000000,15879599.999999988824129,1293.342499415799011
408_275,15545.000000000000000,13990499.999999988824129,1462.868074985329486
459_548,17845.000000000000000,16060499.999999986961484,1263.687807894915522
107_401,16180.000000000000000,14561999.999999988824129,2294.669230501910533
112_157,13467.000000000000000,12120299.999999990686774,1111.935057397247647
403_272,18069.000000000000000,16262099.999999986961484,1178.802848033514238
563_677,15632.000000000000000,14068799.999999988824129,1090.558875483158545
321_237,16362.000000000000000,14725799.999999988824129,1132.156960409377461
403_270,18032.000000000000000,16228799.999999986961484,1309.532950139828927
765_148,14050.000000000000000,12644999.999999990686774,1029.845900521602971
756_389,12359.000000000000000,11123099.999999990686774,923.842104508929424
633_706,16075.000000000000000,14467499.999999988824129,1460.933768766646608
646_538,15864.000000000000000,14277599.999999988824129,1651.640066255539750
607_700,13166.000000000000000,11849399.999999990686774,698.022784005214021
509_664,17114.000000000000000,15402599.999999988824129,1255.553845665590416
352_257,14974.000000000000000,13476599.999999990686774,1229.963941749623018
775_160,14559.000000000000000,13103099.999999990686774,760.030235602327139
233_416,16497.000000000000000,14847299.999999988824129,1443.897146599695134
414_93,15767.000000000000000,14190299.999999988824129,1118.776994847582046
235_421,17941.000000000000000,16146899.999999986961484,1542.084553108282080
203_191,16412.000000000000000,14770799.999999988824129,1106.695375640073280
140_166,16678.000000000000000,15010199.999999988824129,1245.953548077787445
356_472,17013.000000000000000,15311699.999999988824129,1369.119792577458611
555_353,16168.000000000000000,14551199.999999988824129,1320.336483199430404
233_424,16716.000000000000000,15044399.999999988824129,1458.915112861238867
316_9,16423.000000000000000,14780699.999999988824129,1308.412795461182213
756_387,13977.000000000000000,12579299.999999990686774,979.525467327242495
317_246,17126.000000000000000,15413399.999999988824129,1072.902681922933198
458_292,17302.000000000000000,15571799.999999988824129,1379.733438905656840
512_12,17955.000000000000000,16159499.999999986961484,1507.724158452500660
402_281,15344.000000000000000,13809599.999999988824129,1225.725904481627822
746_382,16576.000000000000000,14918399.999999988824129,955.418715008435015
553_684,16550.000000000000000,14894999.999999988824129,1302.979249070735477
460_495,13446.000000000000000,12101399.999999990686774,1435.330007863754645
506_510,16683.000000000000000,15014699.999999988824129,1825.726190000971428
452_652,13886.000000000000000,12497399.999999990686774,1218.819139622068860
269_437,17149.000000000000000,15434099.999999988824129,1153.494358617742364
316_250,17196.000000000000000,15476399.999999988824129,1265.684326811649953
318_239,15279.000000000000000,13751099.999999988824129,1205.593826703403010
136_569,17955.000000000000000,16159499.999999986961484,1206.037290878528438
402_267,17078.000000000000000,15370199.999999988824129,1363.419750572802286
602_532,12938.000000000000000,11644199.999999990686774,1697.976047704571556
401_545,18048.000000000000000,16243199.999999986961484,1149.531526104356089
504_103,17893.000000000000000,16103699.999999986961484,1032.282747260042470
458_98,17507.000000000000000,15756299.999999988824129,1306.741029853229975
239_590,15033.000000000000000,13529699.999999988824129,1012.903079714294108
270_217,17507.000000000000000,15756299.999999988824129,1354.125342615458976
270_232,18060.000000000000000,16253999.999999986961484,1393.170158871200101
64_388,13016.000000000000000,11714399.999999990686774,1218.265534131891627
321_8,16309.000000000000000,14678099.999999988824129,1309.458631686367198
406_546,17152.000000000000000,15436799.999999988824129,801.974038116966312
409_478,17729.000000000000000,15956099.999999988824129,1421.231889658351747
605_697,18014.000000000000000,16212599.999999986961484,1328.112289134783623
202_185,16122.000000000000000,14509799.999999988824129,1493.165709487621825
452_654,16983.000000000000000,15284699.999999988824129,1140.173172710010249
656_563,17426.000000000000000,15683399.999999988824129,1578.858252334552844
602_526,13561.000000000000000,12204899.999999990686774,1669.639235450457136
410_636,12254.000000000000000,11028599.999999992549419,1315.766061234010067
273_425,17789.000000000000000,16010099.999999986961484,1204.255104133989562
458_99,17742.000000000000000,15967799.999999988824129,1271.456918639241621
200_196,13475.000000000000000,12127499.999999990686774,1069.875584462014103
169_578,16757.000000000000000,15081299.999999988824129,1116.440857137569083
560_678,16762.000000000000000,15085799.999999988824129,1123.223840947227472
511_661,15403.000000000000000,13862699.999999988824129,1334.375216416649209
601_113,12814.000000000000000,11532599.999999990686774,1514.457196912770769
506_560,17225.000000000000000,15502499.999999988824129,2177.619147500533018
450_502,16322.000000000000000,14689799.999999988824129,1372.419239024088483
168_180,17321.000000000000000,15588899.999999988824129,1087.929684393800471
141_164,13871.000000000000000,12483899.999999990686774,894.928909102649868
608_115,12946.000000000000000,11651399.999999990686774,736.175901467476479
360_255,16647.000000000000000,14982299.999999988824129,1053.676210111158980
312_441,17690.000000000000000,15920999.999999988824129,1826.549839423017829
172_580,16454.000000000000000,14808599.999999988824129,1230.226752639499182
565_690,12348.000000000000000,11113199.999999990686774,789.215899819342440
279_605,17241.000000000000000,15516899.999999988824129,1166.496015754806649
356_617,17612.000000000000000,15850799.999999988824129,1121.769314186535667
462_301,17939.000000000000000,16145099.999999986961484,1475.918402246253891
406_639,13485.000000000000000,12136499.999999990686774,920.054093273419767
167_181,15282.000000000000000,13753799.999999988824129,1077.180189145919940
606_111,17015.000000000000000,15313499.999999988824129,1234.018658070616311
311_440,17326.000000000000000,15593399.999999988824129,1512.371233420849649
138_564,16456.000000000000000,14810399.999999988824129,1131.226121575142088
363_464,12876.000000000000000,11588399.999999990686774,1428.345591202327341
407_479,16121.000000000000000,14508899.999999988824129,1173.974180878558400
135_169,16216.000000000000000,14594399.999999988824129,1284.270848642619512
505_333,16748.000000000000000,15073199.999999988824129,1418.725604396004655
314_65,17420.000000000000000,15677999.999999988824129,754.681148076193608
170_182,16687.000000000000000,15018299.999999988824129,1137.069427401534540
561_336,15985.000000000000000,14386499.999999988824129,1064.386476623514909
465_496,14665.000000000000000,13198499.999999990686774,999.645902535992377
107_404,15278.000000000000000,13750199.999999988824129,2309.687103889711125
552_350,17726.000000000000000,15953399.999999988824129,1377.529963628388714
405_278,17107.000000000000000,15396299.999999988824129,738.170815239770718
109_1,14847.000000000000000,13362299.999999990686774,1635.558250933406725
408_91,16613.000000000000000,14951699.999999988824129,1367.922163959930231
316_70,16701.000000000000000,15030899.999999988824129,1288.535239958175680
313_608,17498.000000000000000,15748199.999999988824129,1361.456638357544989
141_172,14977.000000000000000,13479299.999999990686774,921.054311791671694
406_634,13404.000000000000000,12063599.999999990686774,887.033870944618457
453_505,18115.000000000000000,16303499.999999986961484,768.957841681223044
559_352,12639.000000000000000,11375099.999999990686774,1107.783954037544163
87_394,13426.000000000000000,12083399.999999990686774,1243.452813190413053
450_647,14077.000000000000000,12669299.999999990686774,1543.128470291643225
360_78,16153.000000000000000,14537699.999999988824129,1030.600529139059518
606_355,16753.000000000000000,15077699.999999988824129,1050.632463135392072
352_262,16804.000000000000000,15123599.999999988824129,1232.244601654456346
461_643,17755.000000000000000,15979499.999999986961484,1723.039065638560714
39_383,10848.000000000000000,9763199.999999992549419,2601.343348328693537
277_438,15742.000000000000000,14167799.999999988824129,987.068359627988457
364_616,17598.000000000000000,15838199.999999988824129,1606.815908518496826
365_127,17199.000000000000000,15479099.999999988824129,1075.118690006760744
510_320,16910.000000000000000,15218999.999999988824129,1017.519494690267265
309_607,9761.000000000000000,8784899.999999992549419,1425.751323939517761
564_675,7668.000000000000000,6901199.999999994412065,1036.749226102000193
631_535,17696.000000000000000,15926399.999999988824129,1469.819318147076046
135_165,13379.000000000000000,12041099.999999990686774,1422.306023496002581
406_489,16879.000000000000000,15191099.999999988824129,802.441538033901679
414_131,15559.000000000000000,14003099.999999988824129,1035.114452537361103
366_81,12509.000000000000000,11258099.999999990686774,929.459145550456924
140_163,16212.000000000000000,14590799.999999988824129,1184.850393333408192
268_233,18122.000000000000000,16309799.999999986961484,1236.434893572412193
460_659,18137.000000000000000,16323299.999999986961484,1495.871283619574569
135_48,15656.000000000000000,14090399.999999988824129,1399.194148876987128
41_541,15825.000000000000000,14242499.999999988824129,1456.031690900420472
603_530,17722.000000000000000,15949799.999999988824129,1284.358475402172644
508_102,18078.000000000000000,16270199.999999986961484,1087.351620703357639
272_231,18141.000000000000000,16326899.999999986961484,657.592078399278989
559_346,15556.000000000000000,14000399.999999988824129,1484.606920565511246
312_614,17668.000000000000000,15901199.999999988824129,1824.304230030399594
318_67,14304.000000000000000,12873599.999999990686774,1201.083928494378824
454_302,17933.000000000000000,16139699.999999986961484,1295.023718360249404
630_119,16727.000000000000000,15054299.999999988824129,1443.549597076470491
562_692,8106.000000000000000,7295399.999999994412065,763.174366822748993
405_89,17122.000000000000000,15409799.999999988824129,853.164801238115388
745_23,15794.000000000000000,14214599.999999988824129,1107.053928174775820
203_2,16397.000000000000000,14757299.999999988824129,1102.138581406396270
562_682,12312.000000000000000,11080799.999999990686774,914.389966326460240
137_162,17774.000000000000000,15996599.999999986961484,998.896725457685875
274_435,16088.000000000000000,14479199.999999988824129,1122.748605944395649
319_245,16545.000000000000000,14890499.999999988824129,1049.590864065430878
271_220,15883.000000000000000,14294699.999999988824129,886.712542751892897
173_583,14740.000000000000000,13265999.999999990686774,1453.448200067443850
765_147,14730.000000000000000,13256999.999999990686774,955.754456679994291
111_41,15020.000000000000000,13517999.999999988824129,1491.409990067362060
135_171,16061.000000000000000,14454899.999999988824129,1411.172461511901247
84_154,16718.000000000000000,15046199.999999988824129,2242.628766186403027
140_170,16611.000000000000000,14949899.999999988824129,1207.844166392894067
463_285,18021.000000000000000,16218899.999999986961484,1567.662406498450537
647_374,13715.000000000000000,12343499.999999990686774,1803.667018909013677
407_629,17518.000000000000000,15766199.999999988824129,965.536156090907070
557_517,17620.000000000000000,15857999.999999988824129,1328.452426604702396
633_707,14623.000000000000000,13160699.999999990686774,1391.373691285704581
268_228,17677.000000000000000,15909299.999999988824129,1554.719916545515389
452_646,18164.000000000000000,16347599.999999986961484,783.741090212959193
513_325,16710.000000000000000,15038999.999999988824129,1016.222393681943572
411_481,11836.000000000000000,10652399.999999992549419,1383.150672636709942
171_408,16570.000000000000000,14912999.999999988824129,1178.947473868335464
402_84,15631.000000000000000,14067899.999999988824129,1463.600124708362728
311_454,17956.000000000000000,16160399.999999986961484,1555.577944866663074
173_584,14376.000000000000000,12938399.999999990686774,1208.056846993331646
275_219,15108.000000000000000,13597199.999999988824129,994.178646851192411
201_410,17247.000000000000000,15522299.999999988824129,1026.670518656705326
366_10,12576.000000000000000,11318399.999999990686774,939.609539522165619
507_318,17446.000000000000000,15701399.999999988824129,1935.743790033639925
632_118,17227.000000000000000,15504299.999999988824129,1412.357475418054264
400_480,16477.000000000000000,14829299.999999988824129,1236.171759125531480
405_279,17079.000000000000000,15371099.999999988824129,761.926080403656442
199_197,17674.000000000000000,15906599.999999988824129,1719.645805021316392
404_484,18181.000000000000000,16362899.999999986961484,971.622504779683368
140_121,16233.000000000000000,14609699.999999988824129,1292.591186741515457
407_486,17172.000000000000000,15454799.999999988824129,1015.070594448157522
365_263,16956.000000000000000,15260399.999999988824129,992.643816630944912
411_487,17691.000000000000000,15921899.999999988824129,1490.474912346618567
506_671,17464.000000000000000,15717599.999999988824129,2142.948955696215307
562_686,10978.000000000000000,9880199.999999992549419,861.670721824453153
313_609,17778.000000000000000,16000199.999999986961484,1163.607825437268730
109_42,15257.000000000000000,13731299.999999988824129,1529.870124568366009
319_249,18060.000000000000000,16253999.999999986961484,975.881244623938755
314_64,17397.000000000000000,15657299.999999988824129,736.448485383934440
82_32,16275.000000000000000,14647499.999999988824129,2389.117514158089762
734_135,14859.000000000000000,13373099.999999990686774,1073.847608783342821
232_212,17571.000000000000000,15813899.999999988824129,1413.777213402896905
238_124,17044.000000000000000,15339599.999999988824129,912.335289690813624
356_620,17021.000000000000000,15318899.999999988824129,1269.622898826825121
88_29,10475.000000000000000,9427499.999999992549419,1068.528774326660368
354_473,15007.000000000000000,13506299.999999990686774,1437.678002374832658
735_16,16361.000000000000000,14724899.999999988824129,1397.194679321339208
757_28,16563.000000000000000,14906699.999999988824129,910.767964557542541
278_225,15383.000000000000000,13844699.999999988824129,1440.932905762418159
410_475,13314.000000000000000,11982599.999999990686774,1321.268258613816215
361_474,8675.000000000000000,7807499.999999994412065,1466.580677057534558
504_330,17889.000000000000000,16100099.999999986961484,1011.928230582051583
557_519,17116.000000000000000,15404399.999999988824129,1315.894463912879701
314_235,17408.000000000000000,15667199.999999988824129,750.447088530835231
169_574,16421.000000000000000,14778899.999999988824129,1161.626104480419144
406_631,15664.000000000000000,14097599.999999988824129,810.650903260986752
238_3,17591.000000000000000,15831899.999999988824129,787.109381471822189
451_287,14576.000000000000000,13118399.999999990686774,1673.103680035415437
84_153,16916.000000000000000,15224399.999999988824129,1921.706145860028528
240_589,14794.000000000000000,13314599.999999990686774,1361.292748539287913
645_709,14762.000000000000000,13285799.999999990686774,1555.788824565948744
405_277,17013.000000000000000,15311699.999999988824129,792.484688604305234
508_326,18061.000000000000000,16254899.999999986961484,1231.396352583872158
107_399,12328.000000000000000,11095199.999999990686774,1948.028976434244669
504_328,17491.000000000000000,15741899.999999988824129,1079.423365691480512
514_312,15600.000000000000000,14039999.999999988824129,1248.876325472316694
139_572,16683.000000000000000,15014699.999999988824129,1286.259971999596019
270_227,18068.000000000000000,16261199.999999986961484,1399.117185946083964
501_104,17195.000000000000000,15475499.999999988824129,1450.933831413958160
65_141,15170.000000000000000,13652999.999999988824129,913.294253844813966
507_334,17920.000000000000000,16127999.999999986961484,1211.706233286002316
365_128,17219.000000000000000,15497099.999999988824129,1001.854607806567628
271_223,16804.000000000000000,15123599.999999988824129,631.476690118467786
235_417,17982.000000000000000,16183799.999999986961484,1354.164630602656871
408_284,16733.000000000000000,15059699.999999988824129,1359.259549926472346
318_242,15442.000000000000000,13897799.999999988824129,1201.851099191899266
400_491,16896.000000000000000,15206399.999999988824129,1382.809984895315438
232_56,17430.000000000000000,15686999.999999988824129,1419.077992387731001
41_384,16075.000000000000000,14467499.999999988824129,1210.318641925057364
563_683,14409.000000000000000,12968099.999999990686774,965.437742555337195
274_439,15247.000000000000000,13722299.999999988824129,1128.535351050502413
553_552,17079.000000000000000,15371099.999999988824129,1321.894372750767843
88_37,11896.000000000000000,10706399.999999992549419,1088.441179430723651
65_145,13750.000000000000000,12374999.999999990686774,961.208719034090336
169_573,17289.000000000000000,15560099.999999988824129,1140.325879198202529
275_60,13737.000000000000000,12363299.999999990686774,1067.012641982827063
609_357,8454.000000000000000,7608599.999999994412065,681.494218808695564
83_395,14340.000000000000000,12905999.999999990686774,2542.413000203641332
310_453,16739.000000000000000,15065099.999999988824129,1275.559106981863351
501_13,17041.000000000000000,15336899.999999988824129,1416.487240112315476
453_549,18115.000000000000000,16303499.999999986961484,758.810888358528928
453_498,18188.000000000000000,16369199.999999986961484,746.012832400403340
460_656,18028.000000000000000,16225199.999999986961484,1562.752568956112327
232_54,17113.000000000000000,15401699.999999988824129,1438.895097345904105
656_712,15648.000000000000000,14083199.999999988824129,1926.826882495467771
409_483,17449.000000000000000,15704099.999999988824129,1431.657908771774601
607_696,16066.000000000000000,14459399.999999988824129,913.652018471671909
409_476,17500.000000000000000,15749999.999999988824129,1424.924333945138869
453_507,18104.000000000000000,16293599.999999986961484,762.450201370418313
312_451,17796.000000000000000,16016399.999999986961484,1701.750196951216822
271_221,16061.000000000000000,14454899.999999988824129,827.669365434151246
454_297,18007.000000000000000,16206299.999999986961484,1183.439873075142714
356_618,17136.000000000000000,15422399.999999988824129,1200.855760048083084
141_167,15097.000000000000000,13587299.999999988824129,985.213188895564031
233_419,15963.000000000000000,14366699.999999988824129,1355.474367059636279
63_146,14963.000000000000000,13466699.999999990686774,1476.097985668727915
745_22,15252.000000000000000,13726799.999999988824129,1056.544003850545096
745_25,16668.000000000000000,15001199.999999988824129,1048.669889285747331
404_621,18047.000000000000000,16242299.999999986961484,989.549531705084746
316_126,16921.000000000000000,15228899.999999988824129,1283.371696265211995
137_47,17784.000000000000000,16005599.999999986961484,1003.143805764250715
84_151,17180.000000000000000,15461999.999999988824129,2105.787368538605733
603_699,17884.000000000000000,16095599.999999986961484,1223.272646937908121
87_398,13813.000000000000000,12431699.999999990686774,1276.679028356323897
242_599,15949.000000000000000,14354099.999999988824129,1203.177302990118733
605_522,17997.000000000000000,16197299.999999986961484,1458.714797411506197
236_205,17421.000000000000000,15678899.999999988824129,1302.731379758654839
647_373,15927.000000000000000,14334299.999999988824129,1600.453622027722304
41_385,16798.000000000000000,15118199.999999988824129,1660.312767780939112
309_606,9369.000000000000000,8432099.999999994412065,1764.593029749814832
269_558,17290.000000000000000,15560999.999999988824129,1127.031401034212649
232_201,13656.000000000000000,12290399.999999990686774,1627.304390043002059
461_645,17062.000000000000000,15355799.999999988824129,1621.103949159019066
554_351,14237.000000000000000,12813299.999999990686774,1307.286811085879208
205_186,14437.000000000000000,12993299.999999990686774,1270.615384590099666
272_63,18139.000000000000000,16325099.999999986961484,700.182102121139906
201_412,15347.000000000000000,13812299.999999988824129,944.116718307399765
201_413,15700.000000000000000,14129999.999999988824129,1139.881747544406380
513_304,17307.000000000000000,15576299.999999988824129,1593.936471121023942
112_156,13445.000000000000000,12100499.999999990686774,1163.956734948039866
277_436,16411.000000000000000,14769899.999999988824129,973.437858042728976
236_203,17815.000000000000000,16033499.999999986961484,1098.779334220705323
403_130,18034.000000000000000,16230599.999999986961484,1302.038397509043989
242_420,16260.000000000000000,14633999.999999988824129,1079.984635584644820
633_536,15546.000000000000000,13991399.999999988824129,1437.265107511504766
167_179,17472.000000000000000,15724799.999999988824129,1025.746890761479563
319_251,17834.000000000000000,16050599.999999986961484,969.081110950113953
205_200,13240.000000000000000,11915999.999999990686774,1564.801792254261272
401_632,18028.000000000000000,16225199.999999986961484,1113.834291429775476
316_68,15116.000000000000000,13604399.999999988824129,1403.226152976752701
506_668,17095.000000000000000,15385499.999999988824129,2082.926076124869724
109_44,14887.000000000000000,13398299.999999990686774,1510.880065230211812
506_660,16793.000000000000000,15113699.999999988824129,1744.504816508137992
202_187,15794.000000000000000,14214599.999999988824129,1476.972705209713467
508_321,18070.000000000000000,16262999.999999986961484,1106.346728136476486
605_694,17992.000000000000000,16192799.999999986961484,1432.437516027155425
605_524,17993.000000000000000,16193699.999999986961484,1359.617695865387986
410_641,13653.000000000000000,12287699.999999990686774,1334.868922196210178
109_38,15311.000000000000000,13779899.999999988824129,1538.003898093907992
402_92,16147.000000000000000,14532299.999999988824129,1154.200907537058583
604_528,16691.000000000000000,15021899.999999988824129,1536.554996966088311
414_90,15899.000000000000000,14309099.999999988824129,1049.660946544711805
552_338,17953.000000000000000,16157699.999999986961484,1370.995699487553338
361_471,10665.000000000000000,9598499.999999992549419,1450.212745997718685
455_657,17300.000000000000000,15569999.999999988824129,1296.946948536781292
514_305,17612.000000000000000,15850799.999999988824129,1255.776806119408775
238_204,17605.000000000000000,15844499.999999988824129,758.489267965380350
238_4,17065.000000000000000,15358499.999999988824129,917.474081977063747
357_256,17371.000000000000000,15633899.999999988824129,768.314539633928234
400_640,16688.000000000000000,15019199.999999988824129,1471.747751680796682
555_347,14535.000000000000000,13081499.999999990686774,1262.544431022274921
279_559,17446.000000000000000,15701399.999999988824129,1173.523123331057832
315_449,17795.000000000000000,16015499.999999986961484,1167.507944204058049
270_6,18128.000000000000000,16315199.999999986961484,1369.244775802394315
501_309,14389.000000000000000,12950099.999999990686774,1365.521264494250545
41_386,17185.000000000000000,15466499.999999988824129,1757.851311613010694
604_527,16923.000000000000000,15230699.999999988824129,1460.076845588003152
314_236,17353.000000000000000,15617699.999999988824129,785.959739645488867
734_136,15215.000000000000000,13693499.999999988824129,951.905771728475543
112_159,12300.000000000000000,11069999.999999990686774,1142.545713411655925
357_72,17320.000000000000000,15587999.999999988824129,856.101094584652742
406_488,17233.000000000000000,15509699.999999988824129,801.942554534307305
106_39,13355.000000000000000,12019499.999999990686774,2065.185208139018414
456_96,17658.000000000000000,15892199.999999988824129,1133.577953732232345
366_76,12397.000000000000000,11157299.999999990686774,920.847678007651325
602_525,16307.000000000000000,14676299.999999988824129,2035.970876407279547
459_547,17567.000000000000000,15810299.999999988824129,1359.243496756348122
555_109,16193.000000000000000,14573699.999999988824129,1296.965380822059842
408_11,15869.000000000000000,14282099.999999988824129,1439.042433709680836
312_610,17848.000000000000000,16063199.999999986961484,1589.362497711011429
275_216,16423.000000000000000,14780699.999999988824129,907.474871911093146
603_701,17333.000000000000000,15599699.999999988824129,1375.422033568865800
402_273,15493.000000000000000,13943699.999999988824129,1473.821686387855380
360_73,16644.000000000000000,14979599.999999988824129,1069.985851547289258
86_155,14627.000000000000000,13164299.999999990686774,1755.923952029770589
410_628,10964.000000000000000,9867599.999999992549419,1302.945683178348418
451_95,14509.000000000000000,13058099.999999990686774,1440.302654676250086
205_123,16692.000000000000000,15022799.999999988824129,1301.186771464125286
313_442,17838.000000000000000,16054199.999999986961484,1122.424294474413045
173_579,15944.000000000000000,14349599.999999988824129,1302.722935246393718
39_381,9977.000000000000000,8979299.999999992549419,2383.186109646271234
240_588,15140.000000000000000,13625999.999999988824129,1376.072345174285601
457_650,16646.000000000000000,14981399.999999988824129,1171.870249807700475
465_509,12627.000000000000000,11364299.999999990686774,1042.170893041879026
402_83,17153.000000000000000,15437699.999999988824129,1367.001073559402585
40_139,16669.000000000000000,15002099.999999988824129,1134.719124155228883
412_477,16033.000000000000000,14429699.999999988824129,1589.961031438676400
82_30,16835.000000000000000,15151499.999999988824129,2508.519534102803846
40_140,14930.000000000000000,13436999.999999990686774,1060.867023492035742
560_691,16495.000000000000000,14845499.999999988824129,1099.744359601342921
608_360,13525.000000000000000,12172499.999999990686774,742.697903819198814
605_523,17999.000000000000000,16199099.999999986961484,1457.030322353960855
354_468,14874.000000000000000,13386599.999999990686774,1465.700473454044868
632_368,17447.000000000000000,15702299.999999988824129,1424.971558632135611
315_446,16742.000000000000000,15067799.999999988824129,1290.219983281463783
556_514,17215.000000000000000,15493499.999999988824129,1313.303020199646653
360_80,17270.000000000000000,15542999.999999988824129,1002.771443286712724
401_627,18011.000000000000000,16209899.999999986961484,1130.472913812700426
199_183,16002.000000000000000,14401799.999999988824129,1800.798888652858977
514_308,15861.000000000000000,14274899.999999988824129,1280.125955182301368
451_286,15497.000000000000000,13947299.999999988824129,1407.864902329198458
605_556,17702.000000000000000,15931799.999999988824129,1147.055172371686467
509_662,17898.000000000000000,16108199.999999986961484,1320.026920181768219
171_581,16553.000000000000000,14897699.999999988824129,1230.689262091009823
279_426,17204.000000000000000,15483599.999999988824129,1252.358126980233692
556_520,17599.000000000000000,15839099.999999988824129,1576.795980718257852
108_402,17547.000000000000000,15792299.999999988824129,1588.118081561383178
278_224,15334.000000000000000,13800599.999999988824129,1473.977697839883604
352_79,8931.000000000000000,8037899.999999993480742,892.665512935804145
736_377,16378.000000000000000,14740199.999999988824129,1103.442007864424795
242_423,16140.000000000000000,14525999.999999988824129,1314.723323429679795
237_202,16877.000000000000000,15189299.999999988824129,746.107727007381300
204_51,17494.000000000000000,15744599.999999988824129,1282.282282332878367
601_365,14947.000000000000000,13452299.999999990686774,1630.282409494423064
363_463,13993.000000000000000,12593699.999999990686774,1466.066682203667369
240_418,13196.000000000000000,11876399.999999990686774,1301.902283990263413
319_69,17781.000000000000000,16002899.999999986961484,966.264320721515901
239_592,17126.000000000000000,15413399.999999988824129,963.209940782818080
136_568,17999.000000000000000,16199099.999999986961484,1166.458655528555255
736_375,16532.000000000000000,14878799.999999988824129,1051.701030712742295
320_448,17588.000000000000000,15829199.999999988824129,1206.278159487698986
268_62,15131.000000000000000,13617899.999999988824129,1738.423695904181386
414_283,15665.000000000000000,14098499.999999988824129,1095.591175120986236
404_625,18147.000000000000000,16332299.999999986961484,1006.734726354912823
361_462,9664.000000000000000,8697599.999999992549419,1424.542516904160038
278_125,15047.000000000000000,13542299.999999988824129,1527.495079298611245
237_214,17051.000000000000000,15345899.999999988824129,852.024144696681788
604_555,16599.000000000000000,14939099.999999988824129,1529.822936109926331
357_254,17405.000000000000000,15664499.999999988824129,834.204578126788874
111_43,15096.000000000000000,13586399.999999988824129,1675.607575407972490
463_288,17988.000000000000000,16189199.999999986961484,1333.166872924134395
139_407,16505.000000000000000,14854499.999999988824129,1301.875720870310033
647_372,16329.000000000000000,14696099.999999988824129,1793.152873372202521
556_553,17703.000000000000000,15932699.999999988824129,1688.316175227123949
411_485,14063.000000000000000,12656699.999999990686774,1494.384322802201950
86_149,15967.000000000000000,14370299.999999988824129,1114.531126267825812
554_345,16027.000000000000000,14424299.999999988824129,1420.318911778959546
316_247,17040.000000000000000,15335999.999999988824129,1274.002770217035049
510_315,17309.000000000000000,15578099.999999988824129,1163.209672977554419
450_649,13913.000000000000000,12521699.999999990686774,1787.425107079787722
269_542,15346.000000000000000,13811399.999999988824129,1154.529954704704778
83_397,14553.000000000000000,13097699.999999990686774,2545.136231622097057
407_633,17406.000000000000000,15665399.999999988824129,918.913675784462384
564_680,4829.000000000000000,4346099.999999996274710,869.723605770729023
508_324,17881.000000000000000,16092899.999999986961484,1064.920618509847372
234_422,18106.000000000000000,16295399.999999986961484,1250.860829628804140
86_150,15125.000000000000000,13612499.999999988824129,1478.404771602917663
503_669,16345.000000000000000,14710499.999999988824129,1460.823592402146005
460_506,17722.000000000000000,15949799.999999988824129,1580.502058081907307
365_258,16879.000000000000000,15191099.999999988824129,1050.510786860974804
270_61,18133.000000000000000,16319699.999999986961484,1314.336963507352721
515_323,17072.000000000000000,15364799.999999988824129,1290.268700452195162
462_289,17810.000000000000000,16028999.999999986961484,1598.075565670129436
269_604,17262.000000000000000,15535799.999999988824129,1111.470969063895609
240_414,15026.000000000000000,13523399.999999988824129,1361.679360557136306
312_613,17787.000000000000000,16008299.999999986961484,1785.690410973674034
355_457,17828.000000000000000,16045199.999999986961484,1432.986513882868621
509_511,17570.000000000000000,15812999.999999988824129,1432.005267984457305
456_300,17218.000000000000000,15496199.999999988824129,1017.400863967382406
450_642,13807.000000000000000,12426299.999999990686774,1336.957320667466320
366_77,12721.000000000000000,11448899.999999990686774,908.013038230423035
279_603,16525.000000000000000,14872499.999999988824129,1189.732128249729158
277_434,16792.000000000000000,15112799.999999988824129,1002.187410790787339
241_207,16221.000000000000000,14598899.999999988824129,1361.336453292412443
139_406,16795.000000000000000,15115499.999999988824129,1224.822332555619823
309_611,15732.000000000000000,14158799.999999988824129,1463.797801441860202
273_432,17984.000000000000000,16185599.999999986961484,1289.078197632821229
63_144,16646.000000000000000,14981399.999999988824129,1543.906852914669344
604_533,16449.000000000000000,14804099.999999988824129,1475.822463274510937
206_411,15978.000000000000000,14380199.999999988824129,1448.557659369290832
21_15,11591.000000000000000,10431899.999999992549419,969.396154570709996
405_86,17022.000000000000000,15319799.999999988824129,738.268842303392603
632_371,17229.000000000000000,15506099.999999988824129,1505.753569491209646
204_195,16950.000000000000000,15254999.999999988824129,1386.798470233479520
408_282,16492.000000000000000,14842799.999999988824129,1382.931603841806464
554_106,15735.000000000000000,14161499.999999988824129,1410.573005913852739
64_391,14153.000000000000000,12737699.999999990686774,1233.105441255503592
273_429,17925.000000000000000,16132499.999999986961484,1268.337638764322492
364_615,17182.000000000000000,15463799.999999988824129,1711.758880472253395
88_34,10424.000000000000000,9381599.999999992549419,1028.389834795563274
509_667,17014.000000000000000,15312599.999999988824129,1409.678255192608276
137_173,17882.000000000000000,16093799.999999986961484,910.505317634231005
352_75,8397.000000000000000,7557299.999999994412065,979.782087129114529
203_189,16401.000000000000000,14760899.999999988824129,1139.442018483676065
609_354,12178.000000000000000,10960199.999999992549419,698.560333833335562
64_392,13890.000000000000000,12500999.999999990686774,1175.731292309360015
512_310,16925.000000000000000,15232499.999999988824129,1434.813243587610941
274_433,17643.000000000000000,15878699.999999988824129,1026.581056521008577
205_192,15512.000000000000000,13960799.999999988824129,1313.525786687566324
87_393,9421.000000000000000,8478899.999999994412065,890.897497755544805
408_85,15334.000000000000000,13800599.999999988824129,1434.584661701440155
360_252,16058.000000000000000,14452199.999999988824129,1179.582212875959158
310_452,17533.000000000000000,15779699.999999988824129,1505.198242866760665
357_259,17335.000000000000000,15601499.999999988824129,819.350879445832106
515_306,16977.000000000000000,15279299.999999988824129,1142.258512150126762
360_261,16726.000000000000000,15053399.999999988824129,1015.891497887394394
167_177,16823.000000000000000,15140699.999999988824129,1143.706303777279118
606_362,14266.000000000000000,12839399.999999990686774,769.283444617316150
451_132,15126.000000000000000,13613399.999999988824129,1429.576522056946942
320_450,17535.000000000000000,15781499.999999988824129,1103.389927267397525
502_663,17328.000000000000000,15595199.999999988824129,1365.658553558040921
503_670,14415.000000000000000,12973499.999999990686774,1464.556704807182314
241_215,16909.000000000000000,15218099.999999988824129,1348.140657504676028
139_570,16557.000000000000000,14901299.999999988824129,1179.595687880035030
321_248,17217.000000000000000,15495299.999999988824129,1567.533169994716673
645_708,16812.000000000000000,15130799.999999988824129,1683.655298905575364
765_152,12181.000000000000000,10962899.999999992549419,876.169876381735548
268_222,17788.000000000000000,16009199.999999986961484,1465.090963596542679
269_601,15500.000000000000000,13949999.999999988824129,1155.925094913606017
457_497,15307.000000000000000,13776299.999999988824129,1213.076652635015535
364_619,17525.000000000000000,15772499.999999988824129,1803.542695324907072
736_376,15231.000000000000000,13707899.999999988824129,1051.735005351987866
510_133,17025.000000000000000,15322499.999999988824129,1032.279709221704934
605_557,16742.000000000000000,15067799.999999988824129,1196.602964963813292
656_711,16929.000000000000000,15236099.999999988824129,1639.576364104738104
168_176,17714.000000000000000,15942599.999999988824129,1104.683502379449692
631_534,16629.000000000000000,14966099.999999988824129,1743.263393839566106
561_343,15646.000000000000000,14081399.999999988824129,952.144041119671556
565_688,11558.000000000000000,10402199.999999992549419,801.170057432402928
459_501,17730.000000000000000,15956999.999999988824129,1353.691158124704998
232_209,17281.000000000000000,15552899.999999988824129,1465.973510678614275
239_591,16385.000000000000000,14746499.999999988824129,1008.346237145364967
234_594,17999.000000000000000,16199099.999999986961484,1316.750000181842779
275_218,14441.000000000000000,12996899.999999990686774,1018.857373718046460
600_703,15027.000000000000000,13524299.999999988824129,1570.763373832068737
555_339,15119.000000000000000,13607099.999999988824129,1231.711071207926580
504_134,17906.000000000000000,16115399.999999986961484,1020.631387116828250
504_332,16249.000000000000000,14624099.999999988824129,1091.075866486991117
600_702,15897.000000000000000,14307299.999999988824129,1278.474496396419227
240_593,13814.000000000000000,12432599.999999990686774,1379.833581447529923
747_24,13014.000000000000000,11712599.999999990686774,1180.932895027839322
85_36,13793.000000000000000,12413699.999999990686774,1439.521749876050080
401_622,18031.000000000000000,16227899.999999986961484,1174.958416163033235
364_459,17604.000000000000000,15843599.999999988824129,1587.354464078701767
757_27,16298.000000000000000,14668199.999999988824129,994.943846948454961
407_624,16081.000000000000000,14472899.999999988824129,1156.864572853689651
206_586,14699.000000000000000,13229099.999999990686774,877.309508642036917
354_461,16392.000000000000000,14752799.999999988824129,1468.980460371259369
507_322,17980.000000000000000,16181999.999999986961484,1226.745077128509820
172_576,16866.000000000000000,15179399.999999988824129,1331.028889994764768
511_550,15284.000000000000000,13755599.999999988824129,1350.922517467504576
241_52,16246.000000000000000,14621399.999999988824129,1441.539900150789208
559_349,14624.000000000000000,13161599.999999990686774,1245.145302826777197
501_331,17109.000000000000000,15398099.999999988824129,1357.384268294072854
735_19,16616.000000000000000,14954399.999999988824129,1285.619422217427882
403_271,18141.000000000000000,16326899.999999986961484,1198.771101839572339
315_444,15548.000000000000000,13993199.999999988824129,1305.807865049589736
503_666,16441.000000000000000,14796899.999999988824129,1470.848232864424972
171_575,16653.000000000000000,14987699.999999988824129,1390.685660024423214
407_490,17393.000000000000000,15653699.999999988824129,932.969903720787329
172_577,16621.000000000000000,14958899.999999988824129,1204.097030699320840
137_168,17779.000000000000000,16001099.999999986961484,997.022207284055867
553_676,16992.000000000000000,15292799.999999988824129,1327.990282302071819
238_213,17581.000000000000000,15822899.999999988824129,807.328826138796330
412_544,14686.000000000000000,13217399.999999990686774,1647.859435657998347
352_71,8415.000000000000000,7573499.999999994412065,1117.982404024121479
601_116,15471.000000000000000,13923899.999999988824129,1551.392439012206296
353_265,16524.000000000000000,14871599.999999988824129,1342.534661577218685
557_513,16135.000000000000000,14521499.999999988824129,1612.264243354714154
412_630,16803.000000000000000,15122699.999999988824129,1601.513154959568283
632_367,17272.000000000000000,15544799.999999988824129,1344.869172247761981
607_561,12935.000000000000000,11641499.999999990686774,703.088946250086906
412_626,15751.000000000000000,14175899.999999988824129,1643.105437741265405
454_299,18061.000000000000000,16254899.999999986961484,1095.544850546221596
21_14,14729.000000000000000,13256099.999999990686774,1116.308182607012441
365_253,17207.000000000000000,15486299.999999988824129,1075.898968575382924
314_234,17389.000000000000000,15650099.999999988824129,722.082640465203895
501_319,17521.000000000000000,15768899.999999988824129,1406.992321788404070
356_465,17717.000000000000000,15945299.999999988824129,986.824850162602502
513_303,17901.000000000000000,16110899.999999986961484,1366.214483590240889
462_291,17880.000000000000000,16091999.999999986961484,1577.003693700532494
242_597,16017.000000000000000,14415299.999999988824129,1283.803150378728333
746_379,13452.000000000000000,12106799.999999990686774,1039.336608961585398
40_138,15625.000000000000000,14062499.999999988824129,971.556890629883128
313_612,17645.000000000000000,15880499.999999988824129,1470.253460279135879
454_100,17944.000000000000000,16149599.999999986961484,1289.548018967843973
746_378,16130.000000000000000,14516999.999999988824129,1008.715102236536836
455_658,17309.000000000000000,15578099.999999988824129,1305.982910042531785
608_356,15558.000000000000000,14002199.999999988824129,714.128443472641493
600_704,15166.000000000000000,13649399.999999988824129,1706.202966651577299
137_49,17873.000000000000000,16085699.999999986961484,928.018192518994283
562_515,13748.000000000000000,12373199.999999990686774,996.786007825391948
646_540,16707.000000000000000,15036299.999999988824129,1565.980183639332154
311_447,17573.000000000000000,15815699.999999988824129,1515.069907824722804
757_26,16746.000000000000000,15071399.999999988824129,893.061044019397400
313_445,17348.000000000000000,15613199.999999988824129,1687.281958565282366
202_190,16462.000000000000000,14815799.999999988824129,1413.844641608439815
461_492,17945.000000000000000,16150499.999999986961484,1805.981266644794914
555_105,15018.000000000000000,13516199.999999990686774,1228.783204929474778
607_531,10066.000000000000000,9059399.999999992549419,656.318001352813894
203_184,16457.000000000000000,14811299.999999988824129,1079.130258652321118
238_57,17459.000000000000000,15713099.999999988824129,856.234152252617946
463_293,17625.000000000000000,15862499.999999988824129,1399.755001600769219
236_211,17797.000000000000000,16017299.999999986961484,1128.405103449942999
108_400,17501.000000000000000,15750899.999999988824129,1611.166978614928439
234_598,17871.000000000000000,16083899.999999986961484,1281.567902233342465
206_585,14877.000000000000000,13389299.999999990686774,900.052242210589498
139_565,16577.000000000000000,14919299.999999988824129,1473.336232397704407
563_679,15022.000000000000000,13519799.999999988824129,1043.090503039999021
276_431,13163.000000000000000,11846699.999999990686774,1148.353234884378935
459_504,17892.000000000000000,16102799.999999986961484,1294.212310103637037
238_208,17679.000000000000000,15911099.999999988824129,766.905814534580713
236_53,17731.000000000000000,15957899.999999988824129,1171.890308775345375
108_403,16482.000000000000000,14833799.999999988824129,1503.413432394498614
309_543,16196.000000000000000,14576399.999999988824129,1439.680379122327395
601_361,15588.000000000000000,14029199.999999988824129,1455.053436293982941
735_17,16412.000000000000000,14770799.999999988824129,1384.237351673448529
63_143,14562.000000000000000,13105799.999999990686774,1616.811643474984521
630_369,16829.000000000000000,15146099.999999988824129,1393.517872794893265
630_120,17093.000000000000000,15383699.999999988824129,1351.576751684432566
630_366,16685.000000000000000,15016499.999999988824129,1498.506725654454158
630_370,17013.000000000000000,15311699.999999988824129,1340.328530629697525
630_117,17159.000000000000000,15443099.999999988824129,1408.916132862637596
600_529,6942.000000000000000,6247799.999999995343387,1637.643071123245136
601_359,13097.000000000000000,11787299.999999990686774,1520.384934748003388
552_340,14675.000000000000000,13207499.999999990686774,1309.647329404139327
502_674,16966.000000000000000,15269399.999999988824129,1332.782004997076683
502_551,16930.000000000000000,15236999.999999988824129,1404.789214854907868
502_665,16979.000000000000000,15281099.999999988824129,1414.003131173792781
558_341,9688.000000000000000,8719199.999999992549419,1264.237922273125378
558_108,13238.000000000000000,11914199.999999990686774,1210.284754810599907
558_344,10087.000000000000000,9078299.999999992549419,1321.726744147207683
558_342,9558.000000000000000,8602199.999999992549419,1239.603081980365459
609_358,5461.000000000000000,4914899.999999996274710,673.629312906088558
511_673,17692.000000000000000,15922799.999999988824129,1468.698858131305542
511_672,17723.000000000000000,15950699.999999988824129,1548.846839268104532
457_648,15527.000000000000000,13974299.999999988824129,1205.250078402877534
457_644,13167.000000000000000,11850299.999999990686774,1278.267211047231967
565_681,11515.000000000000000,10363499.999999992549419,826.525884734140163
516_329,10842.000000000000000,9757799.999999992549419,1031.002545225689573
516_327,14379.000000000000000,12941099.999999990686774,1051.338308068923197
516_335,11140.000000000000000,10025999.999999992549419,1040.026931364105167
464_499,16094.000000000000000,14484599.999999988824129,1101.317052255970793
464_503,16017.000000000000000,14415299.999999988824129,1156.982117828124501
464_494,16011.000000000000000,14409899.999999988824129,1103.186781291118450
414_268,11908.000000000000000,10717199.999999992549419,961.858990167908019
414_274,15418.000000000000000,13876199.999999988824129,1013.241136821826217
413_280,17429.000000000000000,15686099.999999988824129,1363.863030033724954
413_276,17249.000000000000000,15524099.999999988824129,1221.066440314900774
365_82,12706.000000000000000,11435399.999999990686774,945.245024021940367
318_66,10353.000000000000000,9317699.999999992549419,1397.112253045201214
276_430,9061.000000000000000,8154899.999999993480742,1233.388793355909911
276_428,9352.000000000000000,8416799.999999994412065,1377.790206592646427
200_193,12973.000000000000000,11675699.999999990686774,873.627365469868778
200_188,11004.000000000000000,9903599.999999992549419,746.904896563852731
170_178,15444.000000000000000,13899599.999999988824129,1066.155066195006384
206_409,14987.000000000000000,13488299.999999990686774,917.260080672617960
206_587,15539.000000000000000,13985099.999999988824129,1307.696422137715899
138_405,15635.000000000000000,14071499.999999988824129,1101.429404083241252
138_571,15503.000000000000000,13952699.999999988824129,1081.937808727438323
775_161,14957.000000000000000,13461299.999999990686774,756.357848022362987
775_158,14319.000000000000000,12887099.999999990686774,765.228713808100338
111_46,15992.000000000000000,14392799.999999988824129,1468.320681210815792
106_45,14106.000000000000000,12695399.999999990686774,1833.512199385087115
83_396,13379.000000000000000,12041099.999999990686774,2821.055351849243834
756_390,12291.000000000000000,11061899.999999990686774,1013.108322011956602
747_20,13169.000000000000000,11852099.999999990686774,1012.613964192333583
204_194,15137.000000000000000,13623299.999999988824129,1235.767392553348145
