site_ID,Elevation_m
734_135,127.1341476
736_375,349.5
21_14,11.5853662
734_136,106.0975647
21_15,76.8292694
736_376,277.7000122
735_16,399.6000061
735_17,429.8999939
736_377,428.6000061
21_18,97.8658524
735_19,404.8999939
734_137,96.9512177
746_378,223.3000031
746_379,117.9878082
747_20,132.3000031
39_380,10.6707315
747_21,118.3000031
40_138,29.8780499
745_22,184.146347
39_381,8.2317076
40_139,34.1463432
746_382,254.6000061
745_23,78.0487823
747_24,20.8999996
39_383,13.4146347
40_140,73.1707306
41_384,55.7926826
41_385,115.5487823
41_541,72.8658524
41_386,100.9146347
745_25,130.1829224
65_141,90.5
756_387,192.5
64_388,62.7999992
757_26,121.9000015
757_27,152.6999969
65_142,104
757_28,115.6999969
756_389,111.8000031
756_390,213.6999969
64_391,87.5
63_143,66.4000015
63_144,89.3000031
64_392,159.5
65_145,121.0999985
63_146,137.3999939
88_29,140.5
82_30,46
765_147,106.6999969
87_393,114.3000031
765_148,114.0999985
85_31,79.5
82_32,63
86_149,112.4000015
87_394,109.5999985
82_33,60.7999992
86_150,155.1999969
88_34,135
83_395,58.0999985
85_35,79.1999969
83_396,61.5999985
84_151,112
765_152,115.1999969
83_397,35.4000015
87_398,120.5
84_153,124.3000031
84_154,121.0999985
86_155,225.3999939
85_36,104.4000015
88_37,136.5
112_156,167.8999939
109_38,112.4000015
106_39,103.1999969
106_40,103.5
107_399,110.3000031
108_400,337.5
111_41,237.5
109_42,190.8000031
107_401,133.6999969
108_402,122.5999985
108_403,140.6000061
111_43,297
109_1,261.3999939
112_157,197.1000061
109_44,155.5
106_45,109.3000031
775_158,106.3000031
112_159,215.3999939
775_160,104.5999985
107_404,145.1999969
775_161,116.6999969
111_46,454
137_162,248.5
140_163,253.8999939
141_164,178
138_564,258.1000061
135_165,62.7999992
139_565,275.2000122
140_166,331.3999939
138_566,296.7000122
136_567,209
141_167,195.6999969
136_568,475.1000061
137_168,288.2999878
137_47,249.3000031
135_48,82.5
135_169,91
136_569,423.2999878
140_121,350.2000122
138_405,262.2999878
140_170,276.7999878
135_171,85.8000031
139_570,637.5
141_172,186.5
138_571,375.2000122
139_406,480.8999939
141_122,165.1000061
137_49,305.8999939
137_173,271.3999939
139_572,498.6000061
139_407,729.2000122
169_573,301.6000061
168_174,281.7000122
169_574,315.6000061
171_575,394.1000061
172_576,316.6000061
172_577,281
170_175,719.0999756
168_176,220.3999939
167_177,103
170_178,316.2000122
169_578,435.6000061
167_179,120.5999985
173_579,422.2000122
172_580,333.3999939
171_581,319.2999878
171_582,311.2000122
168_180,252.3000031
171_408,299.5
167_181,125.3000031
173_583,546.4000244
170_182,338.8999939
173_584,488.3999939
199_183,152.6999969
203_184,465.8999939
206_585,224.5
202_185,1009.200012
205_186,296.2999878
202_187,1094.199951
200_188,74.4000015
203_189,489.8999939
206_409,163.3000031
205_123,392.2000122
202_190,1039.400024
203_191,478.8999939
205_192,874.0999756
200_193,97
204_194,252
203_2,493
204_195,591.5
200_196,75.9000015
201_410,374.6000061
205_50,1086.300049
204_51,594.9000244
206_586,219.1999969
199_197,535.2999878
206_587,399.8999939
204_198,286.6000061
199_199,573.0999756
205_200,1168.300049
206_411,565.5
201_412,271.7000122
201_413,93.0999985
240_588,1199.199951
240_414,950.2000122
240_589,949.5999756
239_590,1210.199951
239_591,1192.300049
241_52,503.6000061
239_592,1055.099976
235_415,411.2000122
232_201,84.1999969
240_593,1096.400024
237_202,176.8000031
234_594,188.3999939
242_595,206.1999969
233_416,42.5
236_203,609.2000122
235_417,875.9000244
240_418,588.5
238_204,242
233_419,74
236_53,904.0999756
236_205,896.0999756
242_420,222.3000031
237_206,205.8000031
241_207,356.2999878
232_54,107.4000015
238_208,290.1000061
232_209,131.1999969
234_596,177.1999969
241_210,863.2000122
238_3,394.3999939
236_211,908.5999756
232_212,169.6000061
238_55,294.7999878
235_421,869.9000244
232_56,152.8000031
238_213,388.1000061
237_214,199.1000061
242_597,392.7999878
234_422,579.2999878
242_423,355.5
241_215,240.6000061
234_598,511.8999939
238_57,329.7000122
233_424,103.5
242_599,477.1000061
238_124,303.3999939
238_4,310.7000122
275_216,756.4000244
275_58,693.0999756
275_59,878.7999878
275_5,698.2999878
270_217,293.8999939
275_218,1144.800049
273_425,1142.900024
275_219,760.9000244
275_60,957.7999878
278_125,1191.800049
271_220,104.1999969
279_426,292.7000122
271_221,105.0999985
270_61,290.8999939
268_222,95.6999969
270_6,371.6000061
269_427,82.5
269_542,83.0999985
271_223,116.3000031
278_224,1169.5
276_428,1173.099976
268_62,104.5999985
278_225,1158.400024
279_600,525.5999756
273_429,1102.599976
269_601,91.6999969
276_430,999.7000122
278_226,1149.800049
276_431,862.2999878
270_227,490.5
269_602,108.5
273_432,1304.900024
270_7,526.2000122
268_228,92.8000031
272_229,267.2000122
274_433,400.8999939
279_603,97.5999985
272_230,311.6000061
272_231,314.3999939
272_63,401
277_434,648.2999878
269_604,133
269_558,134.3000031
279_605,101.4000015
270_232,535.2000122
274_435,424.3999939
277_436,647.9000244
269_437,168.8000031
279_559,170.3000031
277_438,598.9000244
274_439,530.7000122
268_233,173.1999969
314_64,227.3999939
314_234,217.3999939
314_235,231.8999939
314_236,242.6000061
314_65,228.1999969
309_606,37.2000008
318_66,1111.599976
321_237,186.5
309_607,35.2000008
313_608,938.0999756
311_440,169.3999939
312_441,697.7999878
318_238,870.7999878
313_442,934.0999756
310_443,232.1000061
313_609,1004.5
315_444,1404.5
318_67,868.2000122
318_239,818.7000122
321_240,587.0999756
313_445,761.7000122
317_241,765.4000244
315_446,1257.400024
318_242,887.7999878
311_447,178.6999969
316_68,826.9000244
320_448,170.3999939
315_449,1206.599976
320_450,213.8999939
317_243,840.2000122
312_610,231.8000031
316_244,684.5999756
309_543,53.7999992
312_451,273.7000122
309_611,54.7000008
321_8,673
313_612,430.2999878
312_613,230.1000061
310_452,110.1999969
310_453,253.3000031
319_245,537.7000122
312_614,257
317_246,762.9000244
311_454,193.1999969
316_247,684.4000244
321_248,576.5999756
319_249,634.0999756
316_250,663
319_69,529.2999878
316_70,691.0999756
316_126,691.7000122
319_251,545.7999878
320_455,173.3999939
316_9,696.4000244
360_252,601.4000244
352_71,108.4000015
362_456,845.7999878
355_457,192.8999939
365_127,576.7999878
365_253,627
357_72,285.7999878
357_254,282.2999878
360_73,569.7000122
355_458,187.1000061
357_74,267.6000061
360_255,587.0999756
352_75,89.0999985
364_459,408.8999939
357_256,265.7999878
352_257,129.3999939
366_76,111.4000015
364_615,487.8999939
365_258,626.7000122
366_77,159.3000031
357_259,265.5
364_616,406.6000061
362_460,960.5
354_461,146.3000031
360_78,554.9000244
365_128,661.5
353_260,148.5
360_261,594.7000122
365_129,510.2000122
352_79,84.9000015
352_262,117.8000031
361_462,1406.900024
365_263,412.5
363_463,929.5
363_464,1083
356_465,222.1000061
363_466,854.2000122
360_80,578
366_81,175.3000031
356_617,224.6999969
362_467,1028.900024
352_264,122.0999985
354_468,110
355_469,167.8000031
366_10,184.6999969
353_265,167.8000031
364_470,672.0999756
361_471,1315.800049
356_472,188.6999969
356_618,237.1000061
364_619,448.7000122
365_82,131
356_620,169.1000061
354_473,135.3000031
353_266,343.7999878
361_474,1587.800049
402_267,147.3999939
404_621,749.2999878
414_268,167.6999969
413_269,289.7999878
402_83,154.1999969
403_270,768.4000244
401_622,172
403_130,727.7999878
403_271,753.2999878
410_475,1194.699951
404_623,872.2999878
409_476,744.2000122
403_272,661.9000244
412_544,1357.900024
412_477,1187.400024
409_478,665.7000122
407_479,820.5999756
400_480,80.1999969
411_481,1160.099976
407_624,794
402_84,188.8999939
412_482,1341
402_273,183.3000031
404_625,922.5999756
409_483,625.2000122
412_626,1269.699951
408_85,1478.5
414_274,48.9000015
404_484,959.2000122
408_275,1394.5
413_276,244.6999969
401_545,259.2000122
401_627,281.7000122
411_485,1074.599976
407_486,661.0999756
411_487,830.7999878
405_277,226.5
405_86,208
405_278,209
414_131,70.6999969
405_279,202.1000061
410_628,1080.699951
408_87,1576.5
406_488,265
407_629,559.5999756
408_11,1585.599976
406_546,265.7999878
412_630,1193.5
414_88,84.3000031
405_89,253
406_489,269.7999878
413_280,413.3999939
406_631,285.8999939
407_490,501.5
401_632,237.1000061
407_633,425.8999939
402_281,174.8999939
414_90,60.7000008
406_634,291.2000122
408_282,1414.5
412_635,1169.400024
410_636,1058.699951
400_637,61.5999985
400_638,76.3000031
406_639,319.6000061
400_640,59.2000008
400_491,82.4000015
414_283,78.1999969
408_91,1507
408_284,1399.800049
402_92,149.1999969
414_93,73.1999969
410_641,1019.599976
451_94,242.1999969
459_547,495.1000061
461_492,692.5999756
459_493,572.7999878
450_642,6
463_285,702.5999756
461_643,959.4000244
464_494,176.3999939
451_286,71.6999969
451_287,156.1000061
451_132,103.4000015
460_495,1451.099976
463_288,555.0999756
451_95,130.5
457_644,1028
465_496,148.5
461_645,1269.699951
452_646,265.6000061
450_647,11.8000002
457_497,906.5999756
456_96,1240.199951
457_648,915.5
462_289,459.7999878
453_498,354.7999878
464_499,136.1000061
450_649,24.8999996
457_650,826.2999878
461_651,1407.900024
465_500,146.6999969
456_290,1043
459_501,493.2000122
462_291,647.9000244
458_97,529.4000244
458_292,482
450_502,4.3000002
452_652,176.1000061
463_293,624.2000122
464_503,72.3000031
458_294,493.5
459_504,712.7999878
460_653,1412.400024
459_548,595.5999756
452_654,318.5
456_295,989.9000244
458_98,410.7999878
453_505,445.1000061
451_296,65.0999985
460_506,1421.199951
453_549,363.2999878
455_655,923.4000244
454_297,291.5
453_507,406.3999939
460_656,1370.400024
458_298,371.8999939
455_657,923
458_99,361.7000122
454_299,337.7000122
455_658,1002.900024
456_300,802.5999756
462_301,383.5
454_100,370.3999939
454_302,344.7999878
455_508,1130
465_509,114.6999969
460_659,1293.900024
512_12,846.7999878
513_303,566.0999756
506_660,949.0999756
511_661,1106
511_550,1100
509_662,566.2000122
513_304,693.5
514_305,312.1000061
515_306,350.1000061
505_307,766.7999878
514_308,423.2000122
501_309,119.4000015
505_101,735.2000122
512_310,722.2999878
502_663,42.2999992
512_311,540.7999878
506_510,936.9000244
514_312,629.7999878
510_313,1412.199951
509_664,1110.400024
512_314,532.2000122
510_315,1144.699951
515_316,384.1000061
505_317,641.2999878
507_318,574.5999756
502_665,64.8000031
503_666,235.8999939
502_551,52.4000015
501_319,147.6999969
510_320,551
509_667,1391.300049
509_511,1412.099976
508_102,669.2999878
508_321,670.2999878
507_322,571.2999878
515_323,499.7000122
510_133,431.6000061
508_324,675.0999756
506_560,914.5
506_668,794.7000122
513_325,297.6000061
508_326,756.0999756
516_327,91.1999969
503_669,353.3999939
504_328,387
516_329,67.3000031
504_330,423.3999939
504_103,457.7999878
503_670,97.5
506_671,833.5999756
501_331,93.8000031
511_512,749.5999756
504_134,371.3999939
504_332,362.3999939
511_672,806
511_673,944.2999878
505_333,266.3999939
501_13,179.6999969
507_334,409.1000061
516_335,90.9000015
502_674,81
501_104,86
564_675,116.9000015
561_336,629.7000122
557_513,337.7000122
553_676,104.1999969
561_337,698.0999756
553_552,125.0999985
563_677,156.8000031
556_514,274.2999878
552_338,78.6999969
555_339,189.6999969
555_105,186.3000031
560_678,189.5
562_515,88.5
563_516,160.6000061
563_679,162.1999969
564_680,79.9000015
552_340,24.3999996
558_341,236.5
558_342,234.3000031
561_343,499.3999939
558_344,228.6000061
554_106,356
554_345,334
565_681,63.9000015
559_346,284.2000122
557_517,360.1000061
553_518,105.6999969
562_682,205.3999939
563_683,183.8000031
553_684,144.6999969
561_107,432.5
555_347,168.6000061
558_108,738.7999878
557_519,304.3999939
554_348,182.3999939
559_349,284.5
562_686,170.8999939
553_687,184.6000061
565_688,60.2999992
560_689,200.8999939
552_350,178.8000031
556_520,830.4000244
565_690,86.8000031
555_109,221.5
554_110,202.3000031
560_691,557.5999756
554_351,234
559_352,225.3999939
555_353,266.2999878
556_553,521.4000244
556_521,562.9000244
562_692,34.2999992
605_522,540.0999756
605_523,566.5999756
605_693,450.2000122
605_554,391.7999878
605_694,473
603_695,266.6000061
605_524,401
606_111,212.8000031
607_696,168.8000031
605_697,333.2000122
609_354,8.8000002
606_355,196.8000031
608_356,99.0999985
609_112,52.4000015
607_698,98
609_357,3.0999999
603_699,367.1000061
601_113,81.3000031
609_358,33.0999985
602_525,401.2999878
604_555,344.3999939
602_526,88.3000031
604_527,224.8999939
604_528,374
601_359,137.5
600_529,21.2000008
603_530,341.3999939
608_360,155.6999969
601_361,172.8000031
608_114,57.7000008
607_561,92.5
607_700,92.6999969
606_362,280.7000122
606_363,230.8000031
608_115,298.3999939
607_531,48.9000015
603_701,287.5
605_556,175.6000061
600_702,28.8999996
602_532,256.6000061
608_364,333.8999939
605_557,149.3000031
601_365,218.6999969
601_116,30.2999992
604_533,186
600_703,25.8999996
600_704,68.3000031
630_117,113.0999985
630_366,198
631_534,121.5999985
632_367,206.1999969
633_705,129.1000061
632_368,167.8999939
632_118,255
630_369,146.3000031
633_706,145.6000061
630_119,41.5999985
633_707,144.5
631_535,342
633_536,206.1000061
630_120,122.5
630_370,101.0999985
631_537,257.2000122
632_371,130.5
647_372,129.3999939
646_538,67.8000031
647_373,210.5
647_374,112.8000031
646_539,114.4000015
646_540,47.9000015
645_708,47.5999985
645_562,40
645_709,26.5
645_710,39.4000015
656_563,242
656_711,207.8999939
656_712,171.6000061
656_713,83.6999969
