site_ID,ZONE_CODE,COUNT,AREA,MIN,MAX,RANGE,MEAN,STD,SUM,VARIETY,MAJORITY,MAJORITY_COUNT,MAJORITY_PERCENT,MINORITY,MINORITY_COUNT,MINORITY_PERCENT,MEDIAN,PCT90
136_567,3,7.000000000000000,6300.000000000000000,1,1,0,1.000000000000000,0.000000000000000,7.000000000000000,1,1,7,0.0615000,1,7,0.0615000,1,1
269_602,4,7.000000000000000,6300.000000000000000,1,1,0,1.000000000000000,0.000000000000000,7.000000000000000,1,1,7,0.1388000,1,7,0.1388000,1,1
633_705,7,43.000000000000000,38700.000000000000000,1,1,0,1.000000000000000,0.000000000000000,43.000000000000000,1,1,43,0.2770000,1,43,0.2770000,1,1
465_500,8,1040.000000000000000,936000.000000000000000,1,1,0,1.000000000000000,0.000000000000000,1040.000000000000000,1,1,1040,5.7192998,1,1040,5.7192998,1,1
310_443,12,1.000000000000000,900.000000000000000,1,1,0,1.000000000000000,0.000000000000000,1.000000000000000,1,1,1,0.0204000,1,1,0.0204000,1,1
554_110,15,409.000000000000000,368100.000000000000000,1,1,0,1.000000000000000,0.000000000000000,409.000000000000000,1,1,409,2.5681000,1,409,2.5681000,1,1
609_112,17,740.000000000000000,666000.000000000000000,1,1,0,1.000000000000000,0.000000000000000,740.000000000000000,1,1,740,5.7934999,1,740,5.7934999,1,1
242_595,19,7.000000000000000,6300.000000000000000,1,1,0,1.000000000000000,0.000000000000000,7.000000000000000,1,1,7,0.0646000,1,7,0.0646000,1,1
505_317,22,20.000000000000000,18000.000000000000000,1,1,0,1.000000000000000,0.000000000000000,20.000000000000000,1,1,20,0.2489000,1,20,0.2489000,1,1
645_710,23,1.000000000000000,900.000000000000000,1,1,0,1.000000000000000,0.000000000000000,1.000000000000000,1,1,1,0.0126000,1,1,0.0126000,1,1
747_21,24,25.000000000000000,22500.000000000000000,1,1,0,1.000000000000000,0.000000000000000,25.000000000000000,1,1,25,0.1374000,1,25,0.1374000,1,1
39_380,26,2067.000000000000000,1860300.000000000000000,1,1,0,1.000000000000000,0.000000000000000,2067.000000000000000,1,1,2067,11.4904003,1,2067,11.4904003,1,1
65_142,30,206.000000000000000,185400.000000000000000,1,1,0,1.000000000000000,0.000000000000000,206.000000000000000,1,1,206,1.1742001,1,206,1.1742001,1,1
141_122,31,10.000000000000000,9000.000000000000000,1,1,0,1.000000000000000,0.000000000000000,10.000000000000000,1,1,10,0.1413000,1,10,0.1413000,1,1
646_539,32,5.000000000000000,4500.000000000000000,1,1,0,1.000000000000000,0.000000000000000,5.000000000000000,1,1,5,0.0409000,1,5,0.0409000,1,1
607_698,33,465.000000000000000,418500.000000000000000,1,1,0,1.000000000000000,0.000000000000000,465.000000000000000,1,1,465,2.5655000,1,465,2.5655000,1,1
414_88,35,446.000000000000000,401400.000000000000000,1,1,0,1.000000000000000,0.000000000000000,446.000000000000000,1,1,446,3.5978999,1,446,3.5978999,1,1
355_469,37,244.000000000000000,219600.000000000000000,1,1,0,1.000000000000000,0.000000000000000,244.000000000000000,1,1,244,2.5459001,1,244,2.5459001,1,1
413_269,40,5.000000000000000,4500.000000000000000,1,1,0,1.000000000000000,0.000000000000000,5.000000000000000,1,1,5,0.1366000,1,5,0.1366000,1,1
353_266,41,1.000000000000000,900.000000000000000,1,1,0,1.000000000000000,0.000000000000000,1.000000000000000,1,1,1,0.0228000,1,1,0.0228000,1,1
458_97,42,2.000000000000000,1800.000000000000000,1,1,0,1.000000000000000,0.000000000000000,2.000000000000000,1,1,2,0.0638000,1,2,0.0638000,1,1
353_260,43,5.000000000000000,4500.000000000000000,1,1,0,1.000000000000000,0.000000000000000,5.000000000000000,1,1,5,0.0343000,1,5,0.0343000,1,1
656_713,48,3.000000000000000,2700.000000000000000,1,1,0,1.000000000000000,0.000000000000000,3.000000000000000,1,1,3,0.0464000,1,3,0.0464000,1,1
364_470,49,3.000000000000000,2700.000000000000000,1,1,0,1.000000000000000,0.000000000000000,3.000000000000000,1,1,3,0.2519000,1,3,0.2519000,1,1
451_296,51,187.000000000000000,168300.000000000000000,1,1,0,1.000000000000000,0.000000000000000,187.000000000000000,1,1,187,4.9642000,1,187,4.9642000,1,1
106_40,52,13.000000000000000,11700.000000000000000,1,1,0,1.000000000000000,0.000000000000000,13.000000000000000,1,1,13,0.1120000,1,13,0.1120000,1,1
85_31,54,7.000000000000000,6300.000000000000000,1,1,0,1.000000000000000,0.000000000000000,7.000000000000000,1,1,7,0.0537000,1,7,0.0537000,1,1
505_101,55,5.000000000000000,4500.000000000000000,1,1,0,1.000000000000000,0.000000000000000,5.000000000000000,1,1,5,0.4990000,1,5,0.4990000,1,1
279_600,57,1.000000000000000,900.000000000000000,1,1,0,1.000000000000000,0.000000000000000,1.000000000000000,1,1,1,0.0415000,1,1,0.0415000,1,1
168_174,63,2.000000000000000,1800.000000000000000,1,1,0,1.000000000000000,0.000000000000000,2.000000000000000,1,1,2,0.0222000,1,2,0.0222000,1,1
608_114,65,216.000000000000000,194400.000000000000000,1,1,0,1.000000000000000,0.000000000000000,216.000000000000000,1,1,216,2.1891000,1,216,2.1891000,1,1
734_137,66,694.000000000000000,624600.000000000000000,1,1,0,1.000000000000000,0.000000000000000,694.000000000000000,1,1,694,3.8141999,1,694,3.8141999,1,1
645_562,71,1.000000000000000,900.000000000000000,1,1,0,1.000000000000000,0.000000000000000,1.000000000000000,1,1,1,0.0126000,1,1,0.0126000,1,1
321_240,72,79.000000000000000,71100.000000000000000,1,1,0,1.000000000000000,0.000000000000000,79.000000000000000,1,1,79,1.2552000,1,79,1.2552000,1,1
554_348,73,632.000000000000000,568800.000000000000000,1,1,0,1.000000000000000,0.000000000000000,632.000000000000000,1,1,632,3.9410999,1,632,3.9410999,1,1
560_689,78,19.000000000000000,17100.000000000000000,1,1,0,1.000000000000000,0.000000000000000,19.000000000000000,1,1,19,0.1060000,1,19,0.1060000,1,1
563_516,80,2342.000000000000000,2107800.000000000000000,1,1,0,1.000000000000000,0.000000000000000,2342.000000000000000,1,1,2342,13.0183001,1,2342,13.0183001,1,1
21_18,81,10.000000000000000,9000.000000000000000,1,1,0,1.000000000000000,0.000000000000000,10.000000000000000,1,1,10,0.0583000,1,10,0.0583000,1,1
608_364,83,3.000000000000000,2700.000000000000000,1,1,0,1.000000000000000,0.000000000000000,3.000000000000000,1,1,3,0.1079000,1,3,0.1079000,1,1
365_129,86,120.000000000000000,108000.000000000000000,1,1,0,1.000000000000000,0.000000000000000,120.000000000000000,1,1,120,5.9940000,1,120,5.9940000,1,1
82_33,92,2.000000000000000,1800.000000000000000,1,1,0,1.000000000000000,0.000000000000000,2.000000000000000,1,1,2,0.1020000,1,2,0.1020000,1,1
631_537,94,3.000000000000000,2700.000000000000000,1,1,0,1.000000000000000,0.000000000000000,3.000000000000000,1,1,3,0.1960000,1,3,0.1960000,1,1
205_50,96,2.000000000000000,1800.000000000000000,1,1,0,1.000000000000000,0.000000000000000,2.000000000000000,1,1,2,0.0806000,1,2,0.0806000,1,1
561_107,97,326.000000000000000,293400.000000000000000,1,1,0,1.000000000000000,0.000000000000000,326.000000000000000,1,1,326,6.4173002,1,326,6.4173002,1,1
85_35,98,1.000000000000000,900.000000000000000,1,1,0,1.000000000000000,0.000000000000000,1.000000000000000,1,1,1,0.0157000,1,1,0.0157000,1,1
561_337,104,14.000000000000000,12600.000000000000000,1,1,0,1.000000000000000,0.000000000000000,14.000000000000000,1,1,14,0.8304000,1,14,0.8304000,1,1
112_157,109,111.000000000000000,99900.000000000000000,1,1,0,1.000000000000000,0.000000000000000,111.000000000000000,1,1,111,1.8472000,1,111,1.8472000,1,1
403_272,110,2.000000000000000,1800.000000000000000,1,1,0,1.000000000000000,0.000000000000000,2.000000000000000,1,1,2,0.0682000,1,2,0.0682000,1,1
563_677,111,1309.000000000000000,1178100.000000000000000,1,1,0,1.000000000000000,0.000000000000000,1309.000000000000000,1,1,1309,7.1898999,1,1309,7.1898999,1,1
321_237,112,104.000000000000000,93600.000000000000000,1,1,0,1.000000000000000,0.000000000000000,104.000000000000000,1,1,104,0.8487000,1,104,0.8487000,1,1
403_270,113,2.000000000000000,1800.000000000000000,1,1,0,1.000000000000000,0.000000000000000,2.000000000000000,1,1,2,0.0682000,1,2,0.0682000,1,1
765_148,114,254.000000000000000,228600.000000000000000,1,1,0,1.000000000000000,0.000000000000000,254.000000000000000,1,1,254,1.4072000,1,254,1.4072000,1,1
756_389,115,57.000000000000000,51300.000000000000000,1,1,0,1.000000000000000,0.000000000000000,57.000000000000000,1,1,57,0.3196000,1,57,0.3196000,1,1
633_706,116,2.000000000000000,1800.000000000000000,1,1,0,1.000000000000000,0.000000000000000,2.000000000000000,1,1,2,0.1056000,1,2,0.1056000,1,1
646_538,117,2.000000000000000,1800.000000000000000,1,1,0,1.000000000000000,0.000000000000000,2.000000000000000,1,1,2,0.0228000,1,2,0.0228000,1,1
607_700,118,552.000000000000000,496800.000000000000000,1,1,0,1.000000000000000,0.000000000000000,552.000000000000000,1,1,552,4.0714002,1,552,4.0714002,1,1
775_160,121,450.000000000000000,405000.000000000000000,1,1,0,1.000000000000000,0.000000000000000,450.000000000000000,1,1,450,2.4935999,1,450,2.4935999,1,1
233_416,122,10.000000000000000,9000.000000000000000,1,1,0,1.000000000000000,0.000000000000000,10.000000000000000,1,1,10,0.2981000,1,10,0.2981000,1,1
414_93,123,687.000000000000000,618300.000000000000000,1,1,0,1.000000000000000,0.000000000000000,687.000000000000000,1,1,687,4.4038000,1,687,4.4038000,1,1
140_166,126,4.000000000000000,3600.000000000000000,1,1,0,1.000000000000000,0.000000000000000,4.000000000000000,1,1,4,0.0633000,1,4,0.0633000,1,1
356_472,127,2.000000000000000,1800.000000000000000,1,1,0,1.000000000000000,0.000000000000000,2.000000000000000,1,1,2,0.0306000,1,2,0.0306000,1,1
555_353,128,194.000000000000000,174600.000000000000000,1,1,0,1.000000000000000,0.000000000000000,194.000000000000000,1,1,194,2.6082001,1,194,2.6082001,1,1
233_424,129,17.000000000000000,15300.000000000000000,1,1,0,1.000000000000000,0.000000000000000,17.000000000000000,1,1,17,0.1203000,1,17,0.1203000,1,1
756_387,131,100.000000000000000,90000.000000000000000,1,1,0,1.000000000000000,0.000000000000000,100.000000000000000,1,1,100,0.5558000,1,100,0.5558000,1,1
458_292,133,2.000000000000000,1800.000000000000000,1,1,0,1.000000000000000,0.000000000000000,2.000000000000000,1,1,2,0.0638000,1,2,0.0638000,1,1
402_281,135,65.000000000000000,58500.000000000000000,1,1,0,1.000000000000000,0.000000000000000,65.000000000000000,1,1,65,0.9957000,1,65,0.9957000,1,1
746_382,136,177.000000000000000,159300.000000000000000,1,1,0,1.000000000000000,0.000000000000000,177.000000000000000,1,1,177,0.9793000,1,177,0.9793000,1,1
452_652,140,1833.000000000000000,1649700.000000000000000,1,1,0,1.000000000000000,0.000000000000000,1833.000000000000000,1,1,1833,11.7621002,1,1833,11.7621002,1,1
269_437,141,4.000000000000000,3600.000000000000000,1,1,0,1.000000000000000,0.000000000000000,4.000000000000000,1,1,4,0.1470000,1,4,0.1470000,1,1
321_8,154,83.000000000000000,74700.000000000000000,1,1,0,1.000000000000000,0.000000000000000,83.000000000000000,1,1,83,1.3160000,1,83,1.3160000,1,1
452_654,159,602.000000000000000,541800.000000000000000,1,1,0,1.000000000000000,0.000000000000000,602.000000000000000,1,1,602,5.7121000,1,602,5.7121000,1,1
200_196,165,767.000000000000000,690300.000000000000000,1,1,0,1.000000000000000,0.000000000000000,767.000000000000000,1,1,767,4.2544999,1,767,4.2544999,1,1
560_678,167,313.000000000000000,281700.000000000000000,1,1,0,1.000000000000000,0.000000000000000,313.000000000000000,1,1,313,1.7438000,1,313,1.7438000,1,1
450_502,171,130.000000000000000,117000.000000000000000,1,1,0,1.000000000000000,0.000000000000000,130.000000000000000,1,1,130,0.7232000,1,130,0.7232000,1,1
141_164,173,9.000000000000000,8100.000000000000000,1,1,0,1.000000000000000,0.000000000000000,9.000000000000000,1,1,9,0.0548000,1,9,0.0548000,1,1
608_115,174,83.000000000000000,74700.000000000000000,1,1,0,1.000000000000000,0.000000000000000,83.000000000000000,1,1,83,1.9119999,1,83,1.9119999,1,1
565_690,178,22.000000000000000,19800.000000000000000,1,1,0,1.000000000000000,0.000000000000000,22.000000000000000,1,1,22,0.2089000,1,22,0.2089000,1,1
279_605,179,28.000000000000000,25200.000000000000000,1,1,0,1.000000000000000,0.000000000000000,28.000000000000000,1,1,28,0.2065000,1,28,0.2065000,1,1
406_639,182,13.000000000000000,11700.000000000000000,1,1,0,1.000000000000000,0.000000000000000,13.000000000000000,1,1,13,0.1878000,1,13,0.1878000,1,1
167_181,183,31.000000000000000,27900.000000000000000,1,1,0,1.000000000000000,0.000000000000000,31.000000000000000,1,1,31,0.4678000,1,31,0.4678000,1,1
311_440,185,24.000000000000000,21600.000000000000000,1,1,0,1.000000000000000,0.000000000000000,24.000000000000000,1,1,24,0.1881000,1,24,0.1881000,1,1
505_333,190,61.000000000000000,54900.000000000000000,1,1,0,1.000000000000000,0.000000000000000,61.000000000000000,1,1,61,0.3533000,1,61,0.3533000,1,1
561_336,193,113.000000000000000,101700.000000000000000,1,1,0,1.000000000000000,0.000000000000000,113.000000000000000,1,1,113,2.5947001,1,113,2.5947001,1,1
465_496,194,795.000000000000000,715500.000000000000000,1,1,0,1.000000000000000,0.000000000000000,795.000000000000000,1,1,795,4.4152002,1,795,4.4152002,1,1
107_404,195,1.000000000000000,900.000000000000000,1,1,0,1.000000000000000,0.000000000000000,1.000000000000000,1,1,1,0.0800000,1,1,0.0800000,1,1
552_350,196,1.000000000000000,900.000000000000000,1,1,0,1.000000000000000,0.000000000000000,1.000000000000000,1,1,1,0.0108000,1,1,0.0108000,1,1
405_278,197,4.000000000000000,3600.000000000000000,1,1,0,1.000000000000000,0.000000000000000,4.000000000000000,1,1,4,0.0504000,1,4,0.0504000,1,1
141_172,202,10.000000000000000,9000.000000000000000,1,1,0,1.000000000000000,0.000000000000000,10.000000000000000,1,1,10,0.1413000,1,10,0.1413000,1,1
406_634,203,13.000000000000000,11700.000000000000000,1,1,0,1.000000000000000,0.000000000000000,13.000000000000000,1,1,13,0.1878000,1,13,0.1878000,1,1
87_394,206,318.000000000000000,286200.000000000000000,1,1,0,1.000000000000000,0.000000000000000,318.000000000000000,1,1,318,1.7997000,1,318,1.7997000,1,1
450_647,207,358.000000000000000,322200.000000000000000,1,1,0,1.000000000000000,0.000000000000000,358.000000000000000,1,1,358,2.0971999,1,358,2.0971999,1,1
39_383,212,1449.000000000000000,1304100.000000000000000,1,1,0,1.000000000000000,0.000000000000000,1449.000000000000000,1,1,1449,8.0415001,1,1449,8.0415001,1,1
364_616,214,3.000000000000000,2700.000000000000000,1,1,0,1.000000000000000,0.000000000000000,3.000000000000000,1,1,3,0.2519000,1,3,0.2519000,1,1
365_127,215,10.000000000000000,9000.000000000000000,1,1,0,1.000000000000000,0.000000000000000,10.000000000000000,1,1,10,0.3928000,1,10,0.3928000,1,1
309_607,217,6.000000000000000,5400.000000000000000,1,1,0,1.000000000000000,0.000000000000000,6.000000000000000,1,1,6,0.8310000,1,6,0.8310000,1,1
564_675,218,3093.000000000000000,2783700.000000000000000,1,1,0,1.000000000000000,0.000000000000000,3093.000000000000000,1,1,3093,17.1252995,1,3093,17.1252995,1,1
631_535,219,5.000000000000000,4500.000000000000000,1,1,0,1.000000000000000,0.000000000000000,5.000000000000000,1,1,5,0.1351000,1,5,0.1351000,1,1
135_165,220,5.000000000000000,4500.000000000000000,1,1,0,1.000000000000000,0.000000000000000,5.000000000000000,1,1,5,0.0339000,1,5,0.0339000,1,1
414_131,222,751.000000000000000,675900.000000000000000,1,1,0,1.000000000000000,0.000000000000000,751.000000000000000,1,1,751,5.9721999,1,751,5.9721999,1,1
366_81,223,14.000000000000000,12600.000000000000000,1,1,0,1.000000000000000,0.000000000000000,14.000000000000000,1,1,14,0.1581000,1,14,0.1581000,1,1
140_163,224,8.000000000000000,7200.000000000000000,1,1,0,1.000000000000000,0.000000000000000,8.000000000000000,1,1,8,0.0590000,1,8,0.0590000,1,1
135_48,227,1.000000000000000,900.000000000000000,1,1,0,1.000000000000000,0.000000000000000,1.000000000000000,1,1,1,0.1220000,1,1,0.1220000,1,1
41_541,228,466.000000000000000,419400.000000000000000,1,1,0,1.000000000000000,0.000000000000000,466.000000000000000,1,1,466,5.5875001,1,466,5.5875001,1,1
559_346,232,4.000000000000000,3600.000000000000000,1,1,0,1.000000000000000,0.000000000000000,4.000000000000000,1,1,4,0.0680000,1,4,0.0680000,1,1
630_119,236,6.000000000000000,5400.000000000000000,1,1,0,1.000000000000000,0.000000000000000,6.000000000000000,1,1,6,0.3173000,1,6,0.3173000,1,1
562_692,237,1601.000000000000000,1440900.000000000000000,1,1,0,1.000000000000000,0.000000000000000,1601.000000000000000,1,1,1601,9.6173000,1,1601,9.6173000,1,1
405_89,238,2.000000000000000,1800.000000000000000,1,1,0,1.000000000000000,0.000000000000000,2.000000000000000,1,1,2,0.0650000,1,2,0.0650000,1,1
745_23,239,28.000000000000000,25200.000000000000000,1,1,0,1.000000000000000,0.000000000000000,28.000000000000000,1,1,28,0.1817000,1,28,0.1817000,1,1
562_682,241,2024.000000000000000,1821600.000000000000000,1,1,0,1.000000000000000,0.000000000000000,2024.000000000000000,1,1,2024,11.7770004,1,2024,11.7770004,1,1
271_220,245,51.000000000000000,45900.000000000000000,1,1,0,1.000000000000000,0.000000000000000,51.000000000000000,1,1,51,0.2945000,1,51,0.2945000,1,1
765_147,247,681.000000000000000,612900.000000000000000,1,1,0,1.000000000000000,0.000000000000000,681.000000000000000,1,1,681,3.7746999,1,681,3.7746999,1,1
111_41,248,171.000000000000000,153900.000000000000000,1,1,0,1.000000000000000,0.000000000000000,171.000000000000000,1,1,171,1.3347000,1,171,1.3347000,1,1
140_170,251,9.000000000000000,8100.000000000000000,1,1,0,1.000000000000000,0.000000000000000,9.000000000000000,1,1,9,0.0669000,1,9,0.0669000,1,1
647_374,253,47.000000000000000,42300.000000000000000,1,1,0,1.000000000000000,0.000000000000000,47.000000000000000,1,1,47,1.0937999,1,47,1.0937999,1,1
513_325,259,17.000000000000000,15300.000000000000000,1,1,0,1.000000000000000,0.000000000000000,17.000000000000000,1,1,17,0.1049000,1,17,0.1049000,1,1
171_408,261,1.000000000000000,900.000000000000000,1,1,0,1.000000000000000,0.000000000000000,1.000000000000000,1,1,1,0.0205000,1,1,0.0205000,1,1
311_454,263,3.000000000000000,2700.000000000000000,1,1,0,1.000000000000000,0.000000000000000,3.000000000000000,1,1,3,0.0525000,1,3,0.0525000,1,1
366_10,267,14.000000000000000,12600.000000000000000,1,1,0,1.000000000000000,0.000000000000000,14.000000000000000,1,1,14,0.1581000,1,14,0.1581000,1,1
405_279,271,2.000000000000000,1800.000000000000000,1,1,0,1.000000000000000,0.000000000000000,2.000000000000000,1,1,2,0.0412000,1,2,0.0412000,1,1
365_263,276,251.000000000000000,225900.000000000000000,1,1,0,1.000000000000000,0.000000000000000,251.000000000000000,1,1,251,11.4506998,1,251,11.4506998,1,1
562_686,279,2182.000000000000000,1963800.000000000000000,1,1,0,1.000000000000000,0.000000000000000,2182.000000000000000,1,1,2182,12.5488997,1,2182,12.5488997,1,1
109_42,281,5.000000000000000,4500.000000000000000,1,1,0,1.000000000000000,0.000000000000000,5.000000000000000,1,1,5,0.1598000,1,5,0.1598000,1,1
82_32,284,3.000000000000000,2700.000000000000000,1,1,0,1.000000000000000,0.000000000000000,3.000000000000000,1,1,3,0.0768000,1,3,0.0768000,1,1
734_135,285,1640.000000000000000,1476000.000000000000000,1,1,0,1.000000000000000,0.000000000000000,1640.000000000000000,1,1,1640,9.0894003,1,1640,9.0894003,1,1
232_212,286,2.000000000000000,1800.000000000000000,1,1,0,1.000000000000000,0.000000000000000,2.000000000000000,1,1,2,0.0215000,1,2,0.0215000,1,1
356_620,288,2.000000000000000,1800.000000000000000,1,1,0,1.000000000000000,0.000000000000000,2.000000000000000,1,1,2,0.0306000,1,2,0.0306000,1,1
88_29,289,22.000000000000000,19800.000000000000000,1,1,0,1.000000000000000,0.000000000000000,22.000000000000000,1,1,22,0.1219000,1,22,0.1219000,1,1
354_473,290,23.000000000000000,20700.000000000000000,1,1,0,1.000000000000000,0.000000000000000,23.000000000000000,1,1,23,0.3661000,1,23,0.3661000,1,1
735_16,291,5.000000000000000,4500.000000000000000,1,1,0,1.000000000000000,0.000000000000000,5.000000000000000,1,1,5,0.0458000,1,5,0.0458000,1,1
757_28,292,768.000000000000000,691200.000000000000000,1,1,0,1.000000000000000,0.000000000000000,768.000000000000000,1,1,768,4.3053999,1,768,4.3053999,1,1
504_330,296,8.000000000000000,7200.000000000000000,1,1,0,1.000000000000000,0.000000000000000,8.000000000000000,1,1,8,0.3252000,1,8,0.3252000,1,1
451_287,302,135.000000000000000,121500.000000000000000,1,1,0,1.000000000000000,0.000000000000000,135.000000000000000,1,1,135,1.5265000,1,135,1.5265000,1,1
645_709,305,1.000000000000000,900.000000000000000,1,1,0,1.000000000000000,0.000000000000000,1.000000000000000,1,1,1,0.0126000,1,1,0.0126000,1,1
405_277,306,2.000000000000000,1800.000000000000000,1,1,0,1.000000000000000,0.000000000000000,2.000000000000000,1,1,2,0.0412000,1,2,0.0412000,1,1
107_399,308,3.000000000000000,2700.000000000000000,1,1,0,1.000000000000000,0.000000000000000,3.000000000000000,1,1,3,0.0294000,1,3,0.0294000,1,1
504_328,309,21.000000000000000,18900.000000000000000,1,1,0,1.000000000000000,0.000000000000000,21.000000000000000,1,1,21,0.3542000,1,21,0.3542000,1,1
514_312,310,414.000000000000000,372600.000000000000000,1,1,0,1.000000000000000,0.000000000000000,414.000000000000000,1,1,414,4.5246000,1,414,4.5246000,1,1
65_141,314,71.000000000000000,63900.000000000000000,1,1,0,1.000000000000000,0.000000000000000,71.000000000000000,1,1,71,0.3924000,1,71,0.3924000,1,1
365_128,316,50.000000000000000,45000.000000000000000,1,1,0,1.000000000000000,0.000000000000000,50.000000000000000,1,1,50,1.3793000,1,50,1.3793000,1,1
271_223,317,1.000000000000000,900.000000000000000,1,1,0,1.000000000000000,0.000000000000000,1.000000000000000,1,1,1,0.0203000,1,1,0.0203000,1,1
232_56,322,2.000000000000000,1800.000000000000000,1,1,0,1.000000000000000,0.000000000000000,2.000000000000000,1,1,2,0.0215000,1,2,0.0215000,1,1
41_384,323,517.000000000000000,465300.000000000000000,1,1,0,1.000000000000000,0.000000000000000,517.000000000000000,1,1,517,3.8759000,1,517,3.8759000,1,1
563_683,324,1809.000000000000000,1628100.000000000000000,1,1,0,1.000000000000000,0.000000000000000,1809.000000000000000,1,1,1809,9.9253998,1,1809,9.9253998,1,1
88_37,327,17.000000000000000,15300.000000000000000,1,1,0,1.000000000000000,0.000000000000000,17.000000000000000,1,1,17,0.0934000,1,17,0.0934000,1,1
65_145,328,215.000000000000000,193500.000000000000000,1,1,0,1.000000000000000,0.000000000000000,215.000000000000000,1,1,215,1.2242000,1,215,1.2242000,1,1
609_357,331,831.000000000000000,747900.000000000000000,1,1,0,1.000000000000000,0.000000000000000,831.000000000000000,1,1,831,6.7248998,1,831,6.7248998,1,1
83_395,332,1017.000000000000000,915300.000000000000000,1,1,0,1.000000000000000,0.000000000000000,1017.000000000000000,1,1,1017,5.6462002,1,1017,5.6462002,1,1
232_54,338,2.000000000000000,1800.000000000000000,1,1,0,1.000000000000000,0.000000000000000,2.000000000000000,1,1,2,0.0215000,1,2,0.0215000,1,1
607_696,341,275.000000000000000,247500.000000000000000,1,1,0,1.000000000000000,0.000000000000000,275.000000000000000,1,1,275,1.5358000,1,275,1.5358000,1,1
271_221,345,39.000000000000000,35100.000000000000000,1,1,0,1.000000000000000,0.000000000000000,39.000000000000000,1,1,39,0.3187000,1,39,0.3187000,1,1
141_167,348,14.000000000000000,12600.000000000000000,1,1,0,1.000000000000000,0.000000000000000,14.000000000000000,1,1,14,0.0873000,1,14,0.0873000,1,1
233_419,349,68.000000000000000,61200.000000000000000,1,1,0,1.000000000000000,0.000000000000000,68.000000000000000,1,1,68,0.6380000,1,68,0.6380000,1,1
63_146,350,715.000000000000000,643500.000000000000000,1,1,0,1.000000000000000,0.000000000000000,715.000000000000000,1,1,715,5.6264000,1,715,5.6264000,1,1
745_22,351,444.000000000000000,399600.000000000000000,1,1,0,1.000000000000000,0.000000000000000,444.000000000000000,1,1,444,2.4617000,1,444,2.4617000,1,1
745_25,352,459.000000000000000,413100.000000000000000,1,1,0,1.000000000000000,0.000000000000000,459.000000000000000,1,1,459,2.9888999,1,459,2.9888999,1,1
404_621,353,10.000000000000000,9000.000000000000000,1,1,0,1.000000000000000,0.000000000000000,10.000000000000000,1,1,10,0.1705000,1,10,0.1705000,1,1
87_398,358,1458.000000000000000,1312200.000000000000000,1,1,0,1.000000000000000,0.000000000000000,1458.000000000000000,1,1,1458,8.0087996,1,1458,8.0087996,1,1
242_599,359,2.000000000000000,1800.000000000000000,1,1,0,1.000000000000000,0.000000000000000,2.000000000000000,1,1,2,0.1202000,1,2,0.1202000,1,1
41_385,363,105.000000000000000,94500.000000000000000,1,1,0,1.000000000000000,0.000000000000000,105.000000000000000,1,1,105,2.7725999,1,105,2.7725999,1,1
309_606,364,6.000000000000000,5400.000000000000000,1,1,0,1.000000000000000,0.000000000000000,6.000000000000000,1,1,6,0.8310000,1,6,0.8310000,1,1
269_558,365,7.000000000000000,6300.000000000000000,1,1,0,1.000000000000000,0.000000000000000,7.000000000000000,1,1,7,0.1388000,1,7,0.1388000,1,1
232_201,366,186.000000000000000,167400.000000000000000,1,1,0,1.000000000000000,0.000000000000000,186.000000000000000,1,1,186,1.5883000,1,186,1.5883000,1,1
554_351,368,232.000000000000000,208800.000000000000000,1,1,0,1.000000000000000,0.000000000000000,232.000000000000000,1,1,232,1.5365000,1,232,1.5365000,1,1
205_186,369,2.000000000000000,1800.000000000000000,1,1,0,1.000000000000000,0.000000000000000,2.000000000000000,1,1,2,0.0806000,1,2,0.0806000,1,1
201_412,371,52.000000000000000,46800.000000000000000,1,1,0,1.000000000000000,0.000000000000000,52.000000000000000,1,1,52,0.6092000,1,52,0.6092000,1,1
201_413,372,12.000000000000000,10800.000000000000000,1,1,0,1.000000000000000,0.000000000000000,12.000000000000000,1,1,12,0.0828000,1,12,0.0828000,1,1
112_156,374,1.000000000000000,900.000000000000000,1,1,0,1.000000000000000,0.000000000000000,1.000000000000000,1,1,1,0.1385000,1,1,0.1385000,1,1
403_130,377,2.000000000000000,1800.000000000000000,1,1,0,1.000000000000000,0.000000000000000,2.000000000000000,1,1,2,0.0682000,1,2,0.0682000,1,1
167_179,380,11.000000000000000,9900.000000000000000,1,1,0,1.000000000000000,0.000000000000000,11.000000000000000,1,1,11,0.1439000,1,11,0.1439000,1,1
109_44,386,2.000000000000000,1800.000000000000000,1,1,0,1.000000000000000,0.000000000000000,2.000000000000000,1,1,2,0.0706000,1,2,0.0706000,1,1
109_38,393,171.000000000000000,153900.000000000000000,1,1,0,1.000000000000000,0.000000000000000,171.000000000000000,1,1,171,1.7097000,1,171,1.7097000,1,1
402_92,394,65.000000000000000,58500.000000000000000,1,1,0,1.000000000000000,0.000000000000000,65.000000000000000,1,1,65,0.9957000,1,65,0.9957000,1,1
414_90,396,570.000000000000000,513000.000000000000000,1,1,0,1.000000000000000,0.000000000000000,570.000000000000000,1,1,570,3.9655001,1,570,3.9655001,1,1
238_204,401,2.000000000000000,1800.000000000000000,1,1,0,1.000000000000000,0.000000000000000,2.000000000000000,1,1,2,0.0426000,1,2,0.0426000,1,1
555_347,405,300.000000000000000,270000.000000000000000,1,1,0,1.000000000000000,0.000000000000000,300.000000000000000,1,1,300,1.8063999,1,300,1.8063999,1,1
279_559,406,26.000000000000000,23400.000000000000000,1,1,0,1.000000000000000,0.000000000000000,26.000000000000000,1,1,26,0.2151000,1,26,0.2151000,1,1
734_136,413,1934.000000000000000,1740600.000000000000000,1,1,0,1.000000000000000,0.000000000000000,1934.000000000000000,1,1,1934,10.6485996,1,1934,10.6485996,1,1
112_159,414,600.000000000000000,540000.000000000000000,1,1,0,1.000000000000000,0.000000000000000,600.000000000000000,1,1,600,4.4527001,1,600,4.4527001,1,1
106_39,417,14.000000000000000,12600.000000000000000,1,1,0,1.000000000000000,0.000000000000000,14.000000000000000,1,1,14,0.0776000,1,14,0.0776000,1,1
366_76,419,16.000000000000000,14400.000000000000000,1,1,0,1.000000000000000,0.000000000000000,16.000000000000000,1,1,16,0.1368000,1,16,0.1368000,1,1
555_109,422,72.000000000000000,64800.000000000000000,1,1,0,1.000000000000000,0.000000000000000,72.000000000000000,1,1,72,0.4952000,1,72,0.4952000,1,1
402_273,427,37.000000000000000,33300.000000000000000,1,1,0,1.000000000000000,0.000000000000000,37.000000000000000,1,1,37,14.1220999,1,37,14.1220999,1,1
86_155,429,5.000000000000000,4500.000000000000000,1,1,0,1.000000000000000,0.000000000000000,5.000000000000000,1,1,5,0.1030000,1,5,0.1030000,1,1
451_95,431,443.000000000000000,398700.000000000000000,1,1,0,1.000000000000000,0.000000000000000,443.000000000000000,1,1,443,5.6426001,1,443,5.6426001,1,1
205_123,432,1.000000000000000,900.000000000000000,1,1,0,1.000000000000000,0.000000000000000,1.000000000000000,1,1,1,0.0173000,1,1,0.0173000,1,1
39_381,435,2452.000000000000000,2206800.000000000000000,1,1,0,1.000000000000000,0.000000000000000,2452.000000000000000,1,1,2452,13.4622002,1,2452,13.4622002,1,1
465_509,438,1941.000000000000000,1746900.000000000000000,1,1,0,1.000000000000000,0.000000000000000,1941.000000000000000,1,1,1941,10.8309002,1,1941,10.8309002,1,1
40_140,443,1.000000000000000,900.000000000000000,1,1,0,1.000000000000000,0.000000000000000,1.000000000000000,1,1,1,0.0322000,1,1,0.0322000,1,1
560_691,444,360.000000000000000,324000.000000000000000,1,1,0,1.000000000000000,0.000000000000000,360.000000000000000,1,1,360,1.9777000,1,360,1.9777000,1,1
608_360,445,101.000000000000000,90900.000000000000000,1,1,0,1.000000000000000,0.000000000000000,101.000000000000000,1,1,101,1.4245000,1,101,1.4245000,1,1
354_468,447,48.000000000000000,43200.000000000000000,1,1,0,1.000000000000000,0.000000000000000,48.000000000000000,1,1,48,0.3093000,1,48,0.3093000,1,1
199_183,453,49.000000000000000,44100.000000000000000,1,1,0,1.000000000000000,0.000000000000000,49.000000000000000,1,1,49,0.2878000,1,49,0.2878000,1,1
514_308,454,414.000000000000000,372600.000000000000000,1,1,0,1.000000000000000,0.000000000000000,414.000000000000000,1,1,414,4.5246000,1,414,4.5246000,1,1
451_286,455,260.000000000000000,234000.000000000000000,1,1,0,1.000000000000000,0.000000000000000,260.000000000000000,1,1,260,4.1034999,1,260,4.1034999,1,1
605_556,456,3.000000000000000,2700.000000000000000,1,1,0,1.000000000000000,0.000000000000000,3.000000000000000,1,1,3,0.0284000,1,3,0.0284000,1,1
171_581,458,1.000000000000000,900.000000000000000,1,1,0,1.000000000000000,0.000000000000000,1.000000000000000,1,1,1,0.0205000,1,1,0.0205000,1,1
279_426,459,31.000000000000000,27900.000000000000000,1,1,0,1.000000000000000,0.000000000000000,31.000000000000000,1,1,31,0.4747000,1,31,0.4747000,1,1
736_377,464,139.000000000000000,125100.000000000000000,1,1,0,1.000000000000000,0.000000000000000,139.000000000000000,1,1,139,0.8072000,1,139,0.8072000,1,1
237_202,466,2.000000000000000,1800.000000000000000,1,1,0,1.000000000000000,0.000000000000000,2.000000000000000,1,1,2,0.0184000,1,2,0.0184000,1,1
601_365,468,6.000000000000000,5400.000000000000000,1,1,0,1.000000000000000,0.000000000000000,6.000000000000000,1,1,6,0.0607000,1,6,0.0607000,1,1
736_375,474,1.000000000000000,900.000000000000000,1,1,0,1.000000000000000,0.000000000000000,1.000000000000000,1,1,1,0.0121000,1,1,0.0121000,1,1
414_283,477,663.000000000000000,596700.000000000000000,1,1,0,1.000000000000000,0.000000000000000,663.000000000000000,1,1,663,4.4535999,1,663,4.4535999,1,1
111_43,484,5.000000000000000,4500.000000000000000,1,1,0,1.000000000000000,0.000000000000000,5.000000000000000,1,1,5,0.0658000,1,5,0.0658000,1,1
86_149,490,12.000000000000000,10800.000000000000000,1,1,0,1.000000000000000,0.000000000000000,12.000000000000000,1,1,12,0.0751000,1,12,0.0751000,1,1
554_345,491,22.000000000000000,19800.000000000000000,1,1,0,1.000000000000000,0.000000000000000,22.000000000000000,1,1,22,0.1318000,1,22,0.1318000,1,1
450_649,494,733.000000000000000,659700.000000000000000,1,1,0,1.000000000000000,0.000000000000000,733.000000000000000,1,1,733,4.1766000,1,733,4.1766000,1,1
83_397,496,431.000000000000000,387900.000000000000000,1,1,0,1.000000000000000,0.000000000000000,431.000000000000000,1,1,431,2.3722999,1,431,2.3722999,1,1
564_680,498,2923.000000000000000,2630700.000000000000000,1,1,0,1.000000000000000,0.000000000000000,2923.000000000000000,1,1,2923,16.0709991,1,2923,16.0709991,1,1
86_150,501,9.000000000000000,8100.000000000000000,1,1,0,1.000000000000000,0.000000000000000,9.000000000000000,1,1,9,0.0512000,1,9,0.0512000,1,1
503_669,502,125.000000000000000,112500.000000000000000,1,1,0,1.000000000000000,0.000000000000000,125.000000000000000,1,1,125,0.9878000,1,125,0.9878000,1,1
365_258,504,12.000000000000000,10800.000000000000000,1,1,0,1.000000000000000,0.000000000000000,12.000000000000000,1,1,12,0.4503000,1,12,0.4503000,1,1
269_604,508,7.000000000000000,6300.000000000000000,1,1,0,1.000000000000000,0.000000000000000,7.000000000000000,1,1,7,0.1388000,1,7,0.1388000,1,1
450_642,514,40.000000000000000,36000.000000000000000,1,1,0,1.000000000000000,0.000000000000000,40.000000000000000,1,1,40,0.2333000,1,40,0.2333000,1,1
366_77,515,34.000000000000000,30600.000000000000000,1,1,0,1.000000000000000,0.000000000000000,34.000000000000000,1,1,34,0.2818000,1,34,0.2818000,1,1
279_603,516,64.000000000000000,57600.000000000000000,1,1,0,1.000000000000000,0.000000000000000,64.000000000000000,1,1,64,0.5939000,1,64,0.5939000,1,1
241_207,518,11.000000000000000,9900.000000000000000,1,1,0,1.000000000000000,0.000000000000000,11.000000000000000,1,1,11,0.1473000,1,11,0.1473000,1,1
309_611,520,75.000000000000000,67500.000000000000000,1,1,0,1.000000000000000,0.000000000000000,75.000000000000000,1,1,75,0.5711000,1,75,0.5711000,1,1
63_144,522,38.000000000000000,34200.000000000000000,1,1,0,1.000000000000000,0.000000000000000,38.000000000000000,1,1,38,0.7532000,1,38,0.7532000,1,1
21_15,525,53.000000000000000,47700.000000000000000,1,1,0,1.000000000000000,0.000000000000000,53.000000000000000,1,1,53,0.4140000,1,53,0.4140000,1,1
405_86,526,4.000000000000000,3600.000000000000000,1,1,0,1.000000000000000,0.000000000000000,4.000000000000000,1,1,4,0.0504000,1,4,0.0504000,1,1
632_371,527,4.000000000000000,3600.000000000000000,1,1,0,1.000000000000000,0.000000000000000,4.000000000000000,1,1,4,0.0599000,1,4,0.0599000,1,1
554_106,530,32.000000000000000,28800.000000000000000,1,1,0,1.000000000000000,0.000000000000000,32.000000000000000,1,1,32,0.1855000,1,32,0.1855000,1,1
64_391,531,244.000000000000000,219600.000000000000000,1,1,0,1.000000000000000,0.000000000000000,244.000000000000000,1,1,244,1.8736000,1,244,1.8736000,1,1
88_34,534,28.000000000000000,25200.000000000000000,1,1,0,1.000000000000000,0.000000000000000,28.000000000000000,1,1,28,0.2669000,1,28,0.2669000,1,1
609_354,539,1327.000000000000000,1194300.000000000000000,1,1,0,1.000000000000000,0.000000000000000,1327.000000000000000,1,1,1327,7.4967999,1,1327,7.4967999,1,1
64_392,540,422.000000000000000,379800.000000000000000,1,1,0,1.000000000000000,0.000000000000000,422.000000000000000,1,1,422,2.6665001,1,422,2.6665001,1,1
205_192,543,2.000000000000000,1800.000000000000000,1,1,0,1.000000000000000,0.000000000000000,2.000000000000000,1,1,2,0.0806000,1,2,0.0806000,1,1
87_393,544,2667.000000000000000,2400300.000000000000000,1,1,0,1.000000000000000,0.000000000000000,2667.000000000000000,1,1,2667,15.0627003,1,2667,15.0627003,1,1
310_452,547,1.000000000000000,900.000000000000000,1,1,0,1.000000000000000,0.000000000000000,1.000000000000000,1,1,1,0.0204000,1,1,0.0204000,1,1
167_177,551,86.000000000000000,77400.000000000000000,1,1,0,1.000000000000000,0.000000000000000,86.000000000000000,1,1,86,0.6746000,1,86,0.6746000,1,1
451_132,553,325.000000000000000,292500.000000000000000,1,1,0,1.000000000000000,0.000000000000000,325.000000000000000,1,1,325,4.8119998,1,325,4.8119998,1,1
502_663,555,7.000000000000000,6300.000000000000000,1,1,0,1.000000000000000,0.000000000000000,7.000000000000000,1,1,7,0.0799000,1,7,0.0799000,1,1
503_670,556,944.000000000000000,849600.000000000000000,1,1,0,1.000000000000000,0.000000000000000,944.000000000000000,1,1,944,6.0388999,1,944,6.0388999,1,1
321_248,559,5.000000000000000,4500.000000000000000,1,1,0,1.000000000000000,0.000000000000000,5.000000000000000,1,1,5,0.0419000,1,5,0.0419000,1,1
645_708,560,1.000000000000000,900.000000000000000,1,1,0,1.000000000000000,0.000000000000000,1.000000000000000,1,1,1,0.0126000,1,1,0.0126000,1,1
765_152,561,404.000000000000000,363600.000000000000000,1,1,0,1.000000000000000,0.000000000000000,404.000000000000000,1,1,404,2.2209001,1,404,2.2209001,1,1
736_376,566,777.000000000000000,699300.000000000000000,1,1,0,1.000000000000000,0.000000000000000,777.000000000000000,1,1,777,4.2697001,1,777,4.2697001,1,1
510_133,567,1.000000000000000,900.000000000000000,1,1,0,1.000000000000000,0.000000000000000,1.000000000000000,1,1,1,0.0593000,1,1,0.0593000,1,1
605_557,568,3.000000000000000,2700.000000000000000,1,1,0,1.000000000000000,0.000000000000000,3.000000000000000,1,1,3,0.0284000,1,3,0.0284000,1,1
168_176,570,2.000000000000000,1800.000000000000000,1,1,0,1.000000000000000,0.000000000000000,2.000000000000000,1,1,2,0.0222000,1,2,0.0222000,1,1
631_534,571,15.000000000000000,13500.000000000000000,1,1,0,1.000000000000000,0.000000000000000,15.000000000000000,1,1,15,0.0958000,1,15,0.0958000,1,1
561_343,572,495.000000000000000,445500.000000000000000,1,1,0,1.000000000000000,0.000000000000000,495.000000000000000,1,1,495,6.3169999,1,495,6.3169999,1,1
565_688,573,26.000000000000000,23400.000000000000000,1,1,0,1.000000000000000,0.000000000000000,26.000000000000000,1,1,26,0.2548000,1,26,0.2548000,1,1
232_209,575,2.000000000000000,1800.000000000000000,1,1,0,1.000000000000000,0.000000000000000,2.000000000000000,1,1,2,0.0215000,1,2,0.0215000,1,1
555_339,580,216.000000000000000,194400.000000000000000,1,1,0,1.000000000000000,0.000000000000000,216.000000000000000,1,1,216,1.3667001,1,216,1.3667001,1,1
504_134,581,1.000000000000000,900.000000000000000,1,1,0,1.000000000000000,0.000000000000000,1.000000000000000,1,1,1,0.0493000,1,1,0.0493000,1,1
504_332,582,3.000000000000000,2700.000000000000000,1,1,0,1.000000000000000,0.000000000000000,3.000000000000000,1,1,3,0.0637000,1,3,0.0637000,1,1
747_24,585,367.000000000000000,330300.000000000000000,1,1,0,1.000000000000000,0.000000000000000,367.000000000000000,1,1,367,2.3197000,1,367,2.3197000,1,1
364_459,588,3.000000000000000,2700.000000000000000,1,1,0,1.000000000000000,0.000000000000000,3.000000000000000,1,1,3,0.2519000,1,3,0.2519000,1,1
757_27,589,367.000000000000000,330300.000000000000000,1,1,0,1.000000000000000,0.000000000000000,367.000000000000000,1,1,367,7.0359998,1,367,7.0359998,1,1
206_586,591,3.000000000000000,2700.000000000000000,1,1,0,1.000000000000000,0.000000000000000,3.000000000000000,1,1,3,0.0356000,1,3,0.0356000,1,1
172_576,594,2.000000000000000,1800.000000000000000,1,1,0,1.000000000000000,0.000000000000000,2.000000000000000,1,1,2,0.0155000,1,2,0.0155000,1,1
559_349,597,4.000000000000000,3600.000000000000000,1,1,0,1.000000000000000,0.000000000000000,4.000000000000000,1,1,4,0.0680000,1,4,0.0680000,1,1
501_331,598,2.000000000000000,1800.000000000000000,1,1,0,1.000000000000000,0.000000000000000,2.000000000000000,1,1,2,0.1314000,1,2,0.1314000,1,1
503_666,602,6.000000000000000,5400.000000000000000,1,1,0,1.000000000000000,0.000000000000000,6.000000000000000,1,1,6,0.1040000,1,6,0.1040000,1,1
601_116,611,283.000000000000000,254700.000000000000000,1,1,0,1.000000000000000,0.000000000000000,283.000000000000000,1,1,283,2.0504000,1,283,2.0504000,1,1
557_513,613,1.000000000000000,900.000000000000000,1,1,0,1.000000000000000,0.000000000000000,1.000000000000000,1,1,1,0.0109000,1,1,0.0109000,1,1
607_561,616,607.000000000000000,546300.000000000000000,1,1,0,1.000000000000000,0.000000000000000,607.000000000000000,1,1,607,4.2623000,1,607,4.2623000,1,1
21_14,619,56.000000000000000,50400.000000000000000,1,1,0,1.000000000000000,0.000000000000000,56.000000000000000,1,1,56,0.3296000,1,56,0.3296000,1,1
365_253,620,10.000000000000000,9000.000000000000000,1,1,0,1.000000000000000,0.000000000000000,10.000000000000000,1,1,10,0.3928000,1,10,0.3928000,1,1
746_379,627,858.000000000000000,772200.000000000000000,1,1,0,1.000000000000000,0.000000000000000,858.000000000000000,1,1,858,4.7799001,1,858,4.7799001,1,1
40_138,628,9.000000000000000,8100.000000000000000,1,1,0,1.000000000000000,0.000000000000000,9.000000000000000,1,1,9,0.1262000,1,9,0.1262000,1,1
746_378,631,416.000000000000000,374400.000000000000000,1,1,0,1.000000000000000,0.000000000000000,416.000000000000000,1,1,416,2.3046999,1,416,2.3046999,1,1
608_356,633,1407.000000000000000,1266300.000000000000000,1,1,0,1.000000000000000,0.000000000000000,1407.000000000000000,1,1,1407,12.3844995,1,1407,12.3844995,1,1
562_515,636,1635.000000000000000,1471500.000000000000000,1,1,0,1.000000000000000,0.000000000000000,1635.000000000000000,1,1,1635,9.4882002,1,1635,9.4882002,1,1
646_540,637,8.000000000000000,7200.000000000000000,1,1,0,1.000000000000000,0.000000000000000,8.000000000000000,1,1,8,0.0515000,1,8,0.0515000,1,1
311_447,638,24.000000000000000,21600.000000000000000,1,1,0,1.000000000000000,0.000000000000000,24.000000000000000,1,1,24,0.1881000,1,24,0.1881000,1,1
757_26,639,645.000000000000000,580500.000000000000000,1,1,0,1.000000000000000,0.000000000000000,645.000000000000000,1,1,645,4.0201998,1,645,4.0201998,1,1
555_105,643,245.000000000000000,220500.000000000000000,1,1,0,1.000000000000000,0.000000000000000,245.000000000000000,1,1,245,1.4919000,1,245,1.4919000,1,1
607_531,644,434.000000000000000,390600.000000000000000,1,1,0,1.000000000000000,0.000000000000000,434.000000000000000,1,1,434,3.6445999,1,434,3.6445999,1,1
563_679,653,1691.000000000000000,1521900.000000000000000,1,1,0,1.000000000000000,0.000000000000000,1691.000000000000000,1,1,1691,9.2866001,1,1691,9.2866001,1,1
309_543,659,32.000000000000000,28800.000000000000000,1,1,0,1.000000000000000,0.000000000000000,32.000000000000000,1,1,32,0.2535000,1,32,0.2535000,1,1
601_361,660,1.000000000000000,900.000000000000000,1,1,0,1.000000000000000,0.000000000000000,1.000000000000000,1,1,1,0.0150000,1,1,0.0150000,1,1
735_17,661,4.000000000000000,3600.000000000000000,1,1,0,1.000000000000000,0.000000000000000,4.000000000000000,1,1,4,0.0547000,1,4,0.0547000,1,1
63_143,662,715.000000000000000,643500.000000000000000,1,1,0,1.000000000000000,0.000000000000000,715.000000000000000,1,1,715,5.6264000,1,715,5.6264000,1,1
630_369,663,6.000000000000000,5400.000000000000000,1,1,0,1.000000000000000,0.000000000000000,6.000000000000000,1,1,6,0.3173000,1,6,0.3173000,1,1
630_120,664,16.000000000000000,14400.000000000000000,1,1,0,1.000000000000000,0.000000000000000,16.000000000000000,1,1,16,0.1633000,1,16,0.1633000,1,1
630_366,665,1.000000000000000,900.000000000000000,1,1,0,1.000000000000000,0.000000000000000,1.000000000000000,1,1,1,0.0134000,1,1,0.0134000,1,1
630_370,666,18.000000000000000,16200.000000000000000,1,1,0,1.000000000000000,0.000000000000000,18.000000000000000,1,1,18,0.1767000,1,18,0.1767000,1,1
630_117,667,1.000000000000000,900.000000000000000,1,1,0,1.000000000000000,0.000000000000000,1.000000000000000,1,1,1,0.0134000,1,1,0.0134000,1,1
600_529,668,2.000000000000000,1800.000000000000000,1,1,0,1.000000000000000,0.000000000000000,2.000000000000000,1,1,2,0.0198000,1,2,0.0198000,1,1
601_359,669,3.000000000000000,2700.000000000000000,1,1,0,1.000000000000000,0.000000000000000,3.000000000000000,1,1,3,0.6637000,1,3,0.6637000,1,1
502_551,672,7.000000000000000,6300.000000000000000,1,1,0,1.000000000000000,0.000000000000000,7.000000000000000,1,1,7,0.0799000,1,7,0.0799000,1,1
502_665,673,7.000000000000000,6300.000000000000000,1,1,0,1.000000000000000,0.000000000000000,7.000000000000000,1,1,7,0.0799000,1,7,0.0799000,1,1
609_358,678,753.000000000000000,677700.000000000000000,1,1,0,1.000000000000000,0.000000000000000,753.000000000000000,1,1,753,8.5509996,1,753,8.5509996,1,1
565_681,683,31.000000000000000,27900.000000000000000,1,1,0,1.000000000000000,0.000000000000000,31.000000000000000,1,1,31,0.2330000,1,31,0.2330000,1,1
516_329,684,2345.000000000000000,2110500.000000000000000,1,1,0,1.000000000000000,0.000000000000000,2345.000000000000000,1,1,2345,13.0742998,1,2345,13.0742998,1,1
516_327,685,753.000000000000000,677700.000000000000000,1,1,0,1.000000000000000,0.000000000000000,753.000000000000000,1,1,753,4.3857999,1,753,4.3857999,1,1
516_335,686,1410.000000000000000,1269000.000000000000000,1,1,0,1.000000000000000,0.000000000000000,1410.000000000000000,1,1,1410,7.8407001,1,1410,7.8407001,1,1
464_499,687,346.000000000000000,311400.000000000000000,1,1,0,1.000000000000000,0.000000000000000,346.000000000000000,1,1,346,2.0494001,1,346,2.0494001,1,1
464_503,688,236.000000000000000,212400.000000000000000,1,1,0,1.000000000000000,0.000000000000000,236.000000000000000,1,1,236,1.3187000,1,236,1.3187000,1,1
464_494,689,392.000000000000000,352800.000000000000000,1,1,0,1.000000000000000,0.000000000000000,392.000000000000000,1,1,392,2.2241001,1,392,2.2241001,1,1
414_268,690,113.000000000000000,101700.000000000000000,1,1,0,1.000000000000000,0.000000000000000,113.000000000000000,1,1,113,0.8594000,1,113,0.8594000,1,1
414_274,691,381.000000000000000,342900.000000000000000,1,1,0,1.000000000000000,0.000000000000000,381.000000000000000,1,1,381,3.2193000,1,381,3.2193000,1,1
413_276,693,31.000000000000000,27900.000000000000000,1,1,0,1.000000000000000,0.000000000000000,31.000000000000000,1,1,31,0.5648000,1,31,0.5648000,1,1
365_82,694,1194.000000000000000,1074600.000000000000000,1,1,0,1.000000000000000,0.000000000000000,1194.000000000000000,1,1,1194,13.1323996,1,1194,13.1323996,1,1
200_193,698,189.000000000000000,170100.000000000000000,1,1,0,1.000000000000000,0.000000000000000,189.000000000000000,1,1,189,1.2406000,1,189,1.2406000,1,1
200_188,699,7.000000000000000,6300.000000000000000,1,1,0,1.000000000000000,0.000000000000000,7.000000000000000,1,1,7,0.0588000,1,7,0.0588000,1,1
170_178,700,60.000000000000000,54000.000000000000000,1,1,0,1.000000000000000,0.000000000000000,60.000000000000000,1,1,60,0.5980000,1,60,0.5980000,1,1
206_409,701,28.000000000000000,25200.000000000000000,1,1,0,1.000000000000000,0.000000000000000,28.000000000000000,1,1,28,0.3040000,1,28,0.3040000,1,1
138_405,703,15.000000000000000,13500.000000000000000,1,1,0,1.000000000000000,0.000000000000000,15.000000000000000,1,1,15,0.1633000,1,15,0.1633000,1,1
138_571,704,2.000000000000000,1800.000000000000000,1,1,0,1.000000000000000,0.000000000000000,2.000000000000000,1,1,2,0.0500000,1,2,0.0500000,1,1
775_161,705,32.000000000000000,28800.000000000000000,1,1,0,1.000000000000000,0.000000000000000,32.000000000000000,1,1,32,0.1767000,1,32,0.1767000,1,1
775_158,706,13.000000000000000,11700.000000000000000,1,1,0,1.000000000000000,0.000000000000000,13.000000000000000,1,1,13,0.0716000,1,13,0.0716000,1,1
106_45,708,7.000000000000000,6300.000000000000000,1,1,0,1.000000000000000,0.000000000000000,7.000000000000000,1,1,7,0.0481000,1,7,0.0481000,1,1
83_396,709,806.000000000000000,725400.000000000000000,1,1,0,1.000000000000000,0.000000000000000,806.000000000000000,1,1,806,4.4443998,1,806,4.4443998,1,1
756_390,710,121.000000000000000,108900.000000000000000,1,1,0,1.000000000000000,0.000000000000000,121.000000000000000,1,1,121,0.6961000,1,121,0.6961000,1,1
747_20,711,33.000000000000000,29700.000000000000000,1,1,0,1.000000000000000,0.000000000000000,33.000000000000000,1,1,33,0.2120000,1,33,0.2120000,1,1
204_194,712,7.000000000000000,6300.000000000000000,1,1,0,1.000000000000000,0.000000000000000,7.000000000000000,1,1,7,0.0933000,1,7,0.0933000,1,1
