site_ID,precip_mm
734_135,2426.306397
736_375,1953.755005
21_14,2209.222412
734_136,2055.394043
21_15,2259.167969
736_376,1953.755005
735_16,2573.938721
735_17,2503.194336
736_377,1968.609985
21_18,2352.491455
735_19,2328.277832
734_137,2109.864502
746_378,2249.279053
746_379,2337.70752
747_20,1751.916992
39_380,2244.414307
747_21,1751.916992
40_138,2490.391602
745_22,2352.220703
39_381,2244.414307
40_139,2509.513184
746_382,2249.279053
745_23,2352.220703
747_24,1636.535034
39_383,2244.414307
40_140,2490.391602
41_384,2518.762451
41_385,2518.762451
41_541,2518.762451
41_386,2547.72168
745_25,2302.670654
65_141,2215.059815
756_387,2593.987061
64_388,2293.022949
757_26,1974.810181
757_27,2065.549072
65_142,2164.996826
757_28,1850.727905
756_389,2301.279541
756_390,2231.555908
64_391,2390.530273
63_143,2509.126221
63_144,2591.087158
64_392,2390.530273
65_145,2283.259033
63_146,2591.087158
88_29,2321.040283
82_30,2774.979248
765_147,1897.275757
87_393,2445.340332
765_148,2038.311157
85_31,2779.06665
82_32,2774.979248
86_149,2636.157471
87_394,2466.981445
82_33,2774.979248
86_150,2718.148438
88_34,2374.710693
83_395,2804.308594
85_35,2779.06665
83_396,2804.308594
84_151,2982.282227
765_152,2066.831787
83_397,3059.440674
87_398,2697.214844
84_153,3059.508789
84_154,2891.812744
86_155,3108.792725
85_36,3252.246826
88_37,2599.624023
112_156,2471.626709
109_38,3605.10083
106_39,3005.868164
106_40,3061.270264
107_399,3006.147705
108_400,3367.022217
111_41,3699.172607
109_42,3346.768311
107_401,3061.89624
108_402,3367.022217
108_403,3367.022217
111_43,3590.763428
109_1,3605.10083
112_157,2471.626709
109_44,3605.10083
106_45,3061.270264
775_158,1800.674805
112_159,2471.626709
775_160,1973.464966
107_404,3006.147705
775_161,1973.464966
111_46,4880.952637
137_162,3889.536377
140_163,2974.445557
141_164,2055.121094
138_564,4135.062988
135_165,2874.084717
139_565,5234.278809
140_166,3394.703857
138_566,4281.76709
136_567,4203.339844
141_167,2468.043945
136_568,4328.585938
137_168,4196.119141
137_47,4196.119141
135_48,2924.798828
135_169,3273.496582
136_569,4203.339844
140_121,3394.703857
138_405,3594.63916
140_170,2916.213867
135_171,2924.798828
139_570,4797.759766
141_172,2324.12915
138_571,4281.76709
139_406,5234.278809
141_122,2324.12915
137_49,4196.119141
137_173,4196.119141
139_572,4797.759766
139_407,4797.759766
169_573,4759.95752
168_174,3989.018311
169_574,4535.000488
171_575,3610.750244
172_576,2788.321777
172_577,2812.295898
170_175,4609.64502
168_176,4261.403809
167_177,3842.242676
170_178,4794.760742
169_578,4759.95752
167_179,3842.242676
173_579,2365.312744
172_580,2788.321777
171_581,3610.750244
171_582,3386.119873
168_180,4275.835938
171_408,3386.119873
167_181,3229.858643
173_583,2631.814941
170_182,4707.73291
173_584,2681.002441
199_183,3709.225098
203_184,3543.659912
206_585,2462.523926
202_185,4058.57666
205_186,3098.481445
202_187,4058.57666
200_188,3505.154297
203_189,3543.659912
206_409,2079.509033
205_123,2986.157471
202_190,4058.57666
203_191,3543.659912
205_192,3098.481445
200_193,3275.063232
204_194,3239.397949
203_2,3543.659912
204_195,3417.916748
200_196,3423.516602
201_410,4141.493652
205_50,3098.481445
204_51,3417.916748
206_586,2462.523926
199_197,3662.777832
206_587,2462.523926
204_198,3498.451416
199_199,3838.527588
205_200,3561.156006
206_411,3334.012207
201_412,3274.110352
201_413,3349.937988
240_588,3488.649414
240_414,3488.649414
240_589,3488.649414
239_590,3281.371826
239_591,3281.371826
241_52,3205.355957
239_592,3281.371826
235_415,3821.433838
232_201,2808.662842
240_593,4246.047363
237_202,3551.374756
234_594,3340.706787
242_595,2277.784424
233_416,3041.367188
236_203,3994.877197
235_417,3843.12915
240_418,3384.034424
238_204,3745.987061
233_419,2924.977051
236_53,3994.877197
236_205,3851.284424
242_420,2522.151611
237_206,3551.374756
241_207,2976.893555
232_54,3015.199219
238_208,3882.007813
232_209,3015.199219
234_596,3340.706787
241_210,2918.103027
238_3,3882.007813
236_211,3851.284424
232_212,3015.199219
238_55,3882.007813
235_421,3843.12915
232_56,3015.199219
238_213,3882.007813
237_214,3767.647949
242_597,2277.784424
234_422,3626.920654
242_423,2277.784424
241_215,2916.385498
234_598,3340.706787
238_57,3882.007813
233_424,2924.977051
242_599,2277.784424
238_124,3882.007813
238_4,3882.007813
275_216,4172.569336
275_58,4172.569336
275_59,4172.569336
275_5,4172.569336
270_217,3445.034668
275_218,4172.569336
273_425,4612.248047
275_219,4172.569336
275_60,4172.569336
278_125,2294.205078
271_220,3270.733154
279_426,1926.993897
271_221,3288.709473
270_61,3322.695557
268_222,2919.468018
270_6,3322.695557
269_427,3214.535156
269_542,3214.535156
271_223,3288.709473
278_224,2294.205078
276_428,2945.459229
268_62,2712.89502
278_225,1922.981567
279_600,1862.699097
273_429,5202.413574
269_601,3085.874023
276_430,2980.651611
278_226,1922.981567
276_431,2980.651611
270_227,3322.933838
269_602,3085.874023
273_432,5202.413574
270_7,3322.933838
268_228,3091.063477
272_229,3366.653565
274_433,4353.287109
279_603,1510.372803
272_230,3366.653565
272_231,3366.653565
272_63,3366.653565
277_434,2625.412354
269_604,3085.874023
269_558,3085.874023
279_605,1862.699097
270_232,3468.851807
274_435,4353.287109
277_436,2625.412354
269_437,3085.874023
279_559,1862.699097
277_438,2301.433106
274_439,4353.287109
268_233,3091.063477
314_64,4145.174316
314_234,4145.174316
314_235,4145.174316
314_236,4145.174316
314_65,4145.174316
309_606,2587.708252
318_66,2400.13794
321_237,1357.966797
309_607,2587.708252
313_608,3836.423584
311_440,3272.907715
312_441,3664.70752
318_238,2400.13794
313_442,3836.423584
310_443,3091.478272
313_609,3836.423584
315_444,5083.363281
318_67,2400.13794
318_239,2400.13794
321_240,1357.966797
313_445,3887.099609
317_241,2893.538818
315_446,5373.821289
318_242,2411.778809
311_447,3272.907715
316_68,4638.818848
320_448,1750.521606
315_449,5373.821289
320_450,1999.359985
317_243,2564.4104
312_610,3664.70752
316_244,3742.904785
309_543,2769.51709
312_451,3783.563965
309_611,2769.51709
321_8,1823.276001
313_612,3988.987793
312_613,3783.563965
310_452,2903.250244
310_453,3088.556152
319_245,2184.598633
312_614,3795.882813
317_246,2564.4104
311_454,3385.56665
316_247,3742.904785
321_248,1745.395996
319_249,1944.552124
316_250,3261.078613
319_69,2184.598633
316_70,3742.904785
316_126,3742.904785
319_251,2184.598633
320_455,1774.162354
316_9,3742.904785
360_252,2439.806641
352_71,2561.369873
362_456,2157.841065
355_457,3170.034668
365_127,1721.067749
365_253,1721.067749
357_72,3904.652588
357_254,3904.652588
360_73,2439.806641
355_458,3224.798828
357_74,3904.652588
360_255,2439.806641
352_75,2779.201904
364_459,1765.838745
357_256,3904.652588
352_257,2779.201904
366_76,975.659668
364_615,1765.838745
365_258,1285.893066
366_77,961.656189
357_259,3904.652588
364_616,1765.838745
362_460,2157.841065
354_461,3147.82959
360_78,2439.806641
365_128,1721.067749
353_260,3047.634033
360_261,2439.806641
365_129,1721.067749
352_79,2779.201904
352_262,2779.201904
361_462,2082.653076
365_263,1721.067749
363_463,2087.306397
363_464,2087.306397
356_465,3558.204346
363_466,2087.306397
360_80,2439.806641
366_81,961.656189
356_617,3558.204346
362_467,2157.841065
352_264,2779.201904
354_468,3062.367432
355_469,3224.798828
366_10,961.656189
353_265,3068.906006
364_470,1751.595337
361_471,2082.653076
356_472,3492.319824
356_618,3558.204346
364_619,1765.838745
365_82,1285.893066
356_620,3492.319824
354_473,3062.367432
353_266,3068.906006
361_474,2145.204346
402_267,3027.00293
404_621,3667.884766
414_268,885.2955933
413_269,1695.515137
402_83,3027.00293
403_270,3455.329834
401_622,2952.833496
403_130,3276.619629
403_271,3455.329834
410_475,2004.037964
404_623,3667.884766
409_476,1838.116577
403_272,3276.619629
412_544,1256.318848
412_477,1320.763672
409_478,1738.331543
407_479,3402.83667
400_480,2673.981201
411_481,1616.134033
407_624,3402.83667
402_84,3035.947998
412_482,1256.318848
402_273,3035.947998
404_625,3806.355957
409_483,1738.331543
412_626,1256.318848
408_85,1810.853516
414_274,841.2121582
404_484,3806.355957
408_275,1810.853516
413_276,1548.169922
401_545,3050.489014
401_627,3050.489014
411_485,1616.134033
407_486,3402.83667
411_487,1271.777222
405_277,3791.20874
405_86,3791.20874
405_278,3791.20874
414_131,843.8601074
405_279,3791.20874
410_628,1886.627564
408_87,1771.041992
406_488,3896.31958
407_629,3402.83667
408_11,1771.041992
406_546,3896.31958
412_630,1256.318848
414_88,841.2121582
405_89,3927.357178
406_489,3896.31958
413_280,1548.169922
406_631,3903.347412
407_490,3402.83667
401_632,3050.489014
407_633,3402.83667
402_281,3063.528565
414_90,843.8601074
406_634,3903.347412
408_282,1810.853516
412_635,1256.318848
410_636,1798.710938
400_637,2791.247559
400_638,2791.247559
406_639,3871.135986
400_640,2791.247559
400_491,2661.501465
414_283,843.8601074
408_91,1810.853516
408_284,1810.853516
402_92,3035.947998
414_93,843.8601074
410_641,1798.710938
451_94,2822.746826
459_547,1627.617798
461_492,1242.685059
459_493,1627.617798
450_642,2570.512695
463_285,1350.383911
461_643,1242.685059
464_494,835.4654541
451_286,2822.746826
451_287,2822.746826
451_132,2822.746826
460_495,1811.747803
463_288,1356.623169
451_95,2911.094238
457_644,3931.335205
465_496,766.7518921
461_645,1242.685059
452_646,3088.489258
450_647,2598.75708
457_497,3931.335205
456_96,4325.689941
457_648,3931.335205
462_289,1146.43042
453_498,3207.549072
464_499,835.4654541
450_649,2602.263428
457_650,3931.335205
461_651,1286.111328
465_500,739.2460938
456_290,4325.689941
459_501,1754.942993
462_291,994.0175781
458_97,1819.603149
458_292,1819.603149
450_502,2570.512695
452_652,3009.490723
463_293,1309.43811
464_503,764.0966797
458_294,1819.603149
459_504,1754.942993
460_653,1500.758423
459_548,1754.942993
452_654,3103.588379
456_295,4015.324219
458_98,1819.603149
453_505,3222.039551
451_296,2769.934815
460_506,1500.758423
453_549,3222.039551
455_655,4133.29541
454_297,3414.874756
453_507,3222.039551
460_656,1500.758423
458_298,1819.603149
455_657,4009.562256
458_99,1819.603149
454_299,3565.38501
455_658,4009.562256
456_300,4015.324219
462_301,994.0175781
454_100,3565.38501
454_302,3565.38501
455_508,4133.29541
465_509,748.6361694
460_659,1602.661133
512_12,1314.756104
513_303,824.0831909
506_660,3392.359131
511_661,1939.361572
511_550,1939.361572
509_662,2195.423096
513_304,918.9882812
514_305,959.390686
515_306,999.7494507
505_307,2798.434082
514_308,996.4266968
501_309,2657.627441
505_101,2798.434082
512_310,1314.756104
502_663,2711.75
512_311,1176.680542
506_510,3388.797607
514_312,996.4266968
510_313,2482.539551
509_664,2069.930176
512_314,1176.680542
510_315,2008.201538
515_316,852.4321899
505_317,2798.434082
507_318,3373.231445
502_665,2711.75
503_666,2930.092285
502_551,2711.75
501_319,2785.020508
510_320,2008.201538
509_667,2195.423096
509_511,2195.423096
508_102,3321.784912
508_321,2840.451416
507_322,2853.266357
515_323,852.4321899
510_133,2008.201538
508_324,3321.784912
506_560,3392.359131
506_668,3392.359131
513_325,824.0831909
508_326,2840.451416
516_327,680.5355835
503_669,2930.092285
504_328,3333.24585
516_329,680.5355835
504_330,3333.24585
504_103,3333.24585
503_670,2977.898438
506_671,3392.359131
501_331,2785.020508
511_512,1500.346069
504_134,3333.24585
504_332,3166.312744
511_672,1899.464356
511_673,1500.346069
505_333,2798.434082
501_13,2785.020508
507_334,2878.366211
516_335,596.571167
502_674,2770.442627
501_104,2785.020508
564_675,697.5492554
561_336,1822.78833
557_513,2552.002441
553_676,2881.332764
561_337,1899.464356
553_552,2881.332764
563_677,856.1983032
556_514,2549.994141
552_338,2777.465088
555_339,2556.953857
555_105,2529.182373
560_678,1290.329346
562_515,752.1569824
563_516,579.8855591
563_679,661.3642578
564_680,509.7650757
552_340,2777.465088
558_341,1818.38794
558_342,1818.38794
561_343,1031.77478
558_344,1623.628906
554_106,2954.392822
554_345,2954.392822
565_681,496.5102844
559_346,1564.501221
557_517,2195.430908
553_518,2880.542725
562_682,812.2468872
563_683,661.3642578
553_684,2880.542725
561_107,1185.042725
555_347,2574.217041
558_108,1623.628906
557_519,2536.890869
554_348,3007.436035
559_349,1570.696167
562_686,812.2468872
553_687,2800.311035
565_688,496.5102844
560_689,1094.303345
552_350,2726.086426
556_520,2578.055176
565_690,496.5102844
555_109,2529.182373
554_110,3007.436035
560_691,1290.329346
554_351,3007.436035
559_352,1570.696167
555_353,2574.217041
556_553,2631.714844
556_521,2631.714844
562_692,812.2468872
605_522,1969.927124
605_523,2135.290772
605_693,2135.290772
605_554,2135.290772
605_694,2135.290772
603_695,2827.692627
605_524,2135.290772
606_111,1507.893311
607_696,1267.667236
605_697,2135.290772
609_354,711.3590698
606_355,1507.893311
608_356,1067.907227
609_112,767.4242554
607_698,1267.667236
609_357,711.3590698
603_699,2827.692627
601_113,2783.195313
609_358,711.3590698
602_525,2867.577637
604_555,2368.151367
602_526,2826.624756
604_527,2264.41333
604_528,2368.151367
601_359,2783.195313
600_529,2508.874512
603_530,2827.692627
608_360,865.0307007
601_361,2766.209229
608_114,884.6044922
607_561,977.2563477
607_700,977.2563477
606_362,1355.455811
606_363,1267.581299
608_115,865.0307007
607_531,1134.715454
603_701,2721.074219
605_556,1613.832764
600_702,2532.234619
602_532,2873.254883
608_364,865.0307007
605_557,1745.781006
601_365,2799.963867
601_116,2777.464356
604_533,2085.347412
600_703,2672.166016
600_704,2672.166016
630_117,2763.570313
630_366,2763.570313
631_534,2906.639648
632_367,2405.943848
633_705,2164.067627
632_368,2405.943848
632_118,2405.943848
630_369,2763.570313
633_706,2167.581299
630_119,2800.937744
633_707,2167.581299
631_535,2906.639648
633_536,2167.581299
630_120,2763.570313
630_370,2763.570313
631_537,2714.760254
632_371,2157.762695
647_372,2417.749268
646_538,2976.492188
647_373,2417.749268
647_374,2128.407227
646_539,3325.943848
646_540,2913.23877
645_708,2539.062744
645_562,3056.58667
645_709,2539.062744
645_710,3056.58667
656_563,3242.451172
656_711,3242.451172
656_712,3242.451172
656_713,2587.812744
